Date,"Концентрат коксующегося угля_Россия марка ОС FCA руб./т, без НДС","Лом_HMS 1/2 80:20, FOB EC Роттердам, $/т","Лом_3А, РФ CPT ж/д Южный ФО, руб./т, без НДС","Лом_3А, РФ CPT ж/д Сибирский ФО, руб./т, без НДС","Лом_3А, РФ CPT ж/д Центральный ФО, руб./т, без НДС","ЖРС_Китай Iron ore fines Fe 62%, CFR","Концентрат коксующегося угля_Россия марка КО FCA руб./т, без НДС","ЖРС_Российские окатыши Fe 62-65,5%, SiO2 5,8-8,65, DAP Забайкальск-Манжули, $/т","Лом_HMS 1/2 80:20, FOB США Восток, $/т","Лом_3А, FOB РФ Черное море, $/т","Чугун_FOB Бразилия Север, $/т","Лом_HMS 1/2 80:20, CFR ЮВА, $/т","Концентрат коксующегося угля_Россия марка КС FCA руб./т, без НДС","Лом_3А, РФ FCA ж/д респ. Татарстан, руб./т, без НДС","ЖРС_Российский концентрат Fe 62,5-67,5%, SiO2 0,78-8,51, сухой вес, DAP Забайкальск-Манжули, $/т","Концентрат коксующегося угля_Россия марка К и смеси марок К, КО FCA руб./т, без НДС","Кокс_Россия Урал Сибирь +25, FCA руб./т., без НДС","Лом_3А, РФ FCA ж/д Московский регион, руб./т, без НДС","Концентрат коксующегося угля_Россия марка Ж+ГЖ FCA руб./т, без НДС","Чугун_FOB Россия Черное море, $/т","ЖРС_Россия аглоруда Fe 52-60%, FCA руб./т, без НДС","ЖРС_Россия концентрат Fe 64-68%, FCA руб./т, без НДС","Чугун_Россия, FCA руб./т, без НДС","Концентрат коксующегося угля_HCC Австралия, $/t FOB","ЖРС_Россия окатыши Fe 62-65,5% FCA руб./т, без НДС","Лом_3А, РФ CPT ж/д Уральский ФО, руб./т, без НДС","Концентрат коксующегося угля_Россия марка Ж FCA руб./т, без НДС","Лом_HMS 1/2 80:20, CFR Турция, $/т","Концентрат коксующегося угля_Средняя шихта Россия FCA руб./т, без НДС","Концентрат коксующегося угля_Россия марка ГЖ FCA руб./т, без НДС","ЖРС_Средневзвешенная цена окатыши Fe 62-65,5%, Россия FCA руб./т, без НДС","ЖРС_Средневзвешенная цена концентрат Fe 64-68%, Россия FCA руб./т, без НДС","ЖРС_Средневзвешенная цена аглоруда Fe 52-60%, Россия FCA руб./т, без НДС","ЖРС_Средневзвешенная цена за 1 % Fe в аглоруде, Россия FCA руб./т, без НДС"
2015-03-02 00:00:00,3850,214,12696,11912,12910,63,3700.0,72.0,224,215,295,248,3300,12100,53.0,4500,6900,12439,4300,265,1325.0,2275.0,21250,103,3450.0,12253,4700.0,249,3890,3350.0,3540.0,2097.0,1261.0,23.0
2015-03-09 00:00:00,4400,232,12916,12061,12964,61,4050.0,70.0,229,221,275,248,3750,11774,51.0,4700,8750,12020,4100,265,1345.0,2425.0,15250,103,3500.0,12183,4700.0,257,4164,3525.0,3540.0,2097.0,1261.0,23.0
2015-03-16 00:00:00,4400,229,12883,11893,12812,58,4050.0,67.0,231,223,265,248,3750,11733,48.0,4700,8750,12093,4100,263,1345.0,2425.0,15250,102,3500.0,12140,4700.0,256,4164,3525.0,3540.0,2097.0,1261.0,23.0
2015-03-23 00:00:00,4400,230,12753,11945,12694,56,4050.0,65.0,230,220,263,253,3750,11540,46.0,4700,8750,11763,4100,263,1345.0,2425.0,15250,101,3500.0,12139,4700.0,254,4164,3525.0,3540.0,2097.0,1261.0,23.0
2015-03-30 00:00:00,4400,231,12521,11853,12569,55,4050.0,63.5,233,221,269,254,3750,11579,44.5,4700,8750,11719,4100,261,1345.0,2425.0,15250,98,3500.0,12113,4700.0,256,4164,3525.0,3601.0,2322.0,1267.0,23.0
2015-04-06 00:00:00,4400,235,12395,11785,12421,50,4050.0,58.0,236,229,265,258,3750,11378,39.0,4700,8750,11250,4100,264,1250.0,2175.0,13250,95,3200.0,12369,4700.0,262,4941,3525.0,3601.0,2322.0,1267.0,23.0
2015-04-13 00:00:00,5350,238,12220,11327,12146,48,5200.0,57.5,236,229,265,258,4400,11056,38.5,5700,10350,11327,4800,260,1250.0,2175.0,13250,92,3200.0,12324,5550.0,263,4941,3850.0,3601.0,2322.0,1267.0,23.0
2015-04-20 00:00:00,5350,245,11830,11050,11716,50,5200.0,58.5,241,238,265,258,4400,10613,39.5,5700,10350,10555,4800,260,1250.0,2175.0,13250,90,3200.0,12109,5550.0,267,4941,3850.0,3601.0,2322.0,1267.0,23.0
2015-04-27 00:00:00,5350,250,11083,11091,11035,54,5200.0,61.0,248,243,270,258,4400,10456,42.0,5700,10350,10066,4800,264,1250.0,2175.0,13250,88,3200.0,11705,5550.0,274,4941,3850.0,3601.0,2322.0,1267.0,23.0
2015-05-04 00:00:00,5350,251,10714,11167,10865,58,5200.0,62.5,249,244,265,258,4400,9996,43.5,5700,10350,9758,4800,263,1250.0,2175.0,13250,86,3200.0,10970,5550.0,276,4925,3850.0,3376.0,2192.0,1051.0,23.0
2015-05-11 00:00:00,5250,259,10558,11270,10463,60,5200.0,64.0,257,252,263,260,4400,9371,45.0,5700,9900,9432,4800,270,1250.0,1750.0,12750,82,2600.0,10589,5550.0,285,4925,3850.0,3376.0,2192.0,1051.0,23.0
2015-05-18 00:00:00,5250,265,10269,10723,10454,62,5200.0,65.0,264,255,263,265,4400,9234,46.0,5700,9900,9386,4800,270,1250.0,1750.0,12750,82,2600.0,10539,5550.0,288,4925,3850.0,3376.0,2192.0,1051.0,23.0
2015-05-25 00:00:00,5250,263,10042,9744,10315,59,5200.0,64.0,262,250,265,265,4400,8990,45.0,5700,9900,9290,4800,272,1250.0,1750.0,12750,81,2600.0,10383,5550.0,283,4925,3850.0,2594.0,2192.0,1051.0,23.0
2015-06-01 00:00:00,5250,262,10075,9586,10333,62,5200.0,65.5,258,245,265,265,4400,8704,46.5,5700,9900,9299,4800,270,1250.0,1750.0,12750,82,2600.0,10210,5550.0,280,4925,3850.0,2594.0,1772.0,1170.0,22.0
2015-06-08 00:00:00,5150,261,10485,9540,10268,64,5000.0,66.5,258,239,265,265,4250,8833,47.5,5550,9400,9318,4800,272,1250.0,1950.0,13000,83,2760.0,10158,5400.0,279,4838,3850.0,2594.0,1772.0,1170.0,22.0
2015-06-15 00:00:00,5150,261,10468,8646,10225,65,5000.0,69.0,258,242,265,270,4250,8812,50.0,5550,9400,9319,4800,271,1250.0,1950.0,13000,85,2760.0,10156,5400.0,279,4838,3850.0,2594.0,1772.0,1170.0,22.0
2015-06-22 00:00:00,5150,257,10488,8816,10232,62,5000.0,66.0,255,239,265,270,4250,8867,47.0,5550,9400,9334,4800,268,1250.0,1950.0,13000,87,2760.0,10122,5400.0,273,4838,3850.0,2594.0,1772.0,1170.0,22.0
2015-06-29 00:00:00,5150,237,10482,8801,10245,61,5000.0,64.5,236,229,265,270,4250,8818,45.5,5550,9400,9432,4800,266,1250.0,1950.0,13000,88,2760.0,10099,5400.0,266,4838,3850.0,2756.0,1991.0,1180.0,22.0
2015-07-06 00:00:00,4150,224,10605,8805,10417,58,4000.0,63.5,225,223,265,248,3300,8877,44.5,4550,9050,9599,4500,259,1180.0,2125.0,13000,87,3025.0,10115,4400.0,252,4108,3525.0,2756.0,1991.0,1180.0,22.0
2015-07-13 00:00:00,4150,219,10791,8907,10682,49,4000.0,57.5,213,212,265,248,3300,8963,38.5,4550,9050,9943,4500,255,1180.0,2125.0,13000,87,3025.0,10072,4400.0,240,4108,3525.0,2756.0,1991.0,1180.0,22.0
2015-07-20 00:00:00,4150,201,10867,8745,10880,50,4000.0,58.0,201,194,265,231,3300,8993,39.0,4550,9050,10141,4500,245,1180.0,2125.0,13000,84,3025.0,10014,4400.0,225,4108,3525.0,2756.0,1991.0,1180.0,22.0
2015-07-27 00:00:00,4150,201,10996,8646,10883,52,4000.0,59.0,201,203,265,225,3300,8939,40.0,4550,9050,10141,4500,245,1180.0,2125.0,13000,80,3025.0,10013,4400.0,227,4108,3525.0,3008.0,2144.0,1093.0,21.0
2015-08-03 00:00:00,4150,208,11068,8896,10838,54,4000.0,61.5,205,208,265,218,3300,8830,42.5,4550,9050,10143,4500,240,1180.0,1900.0,13000,79,2750.0,9974,4400.0,233,4108,3525.0,3008.0,2144.0,1093.0,21.0
2015-08-10 00:00:00,4150,215,11059,8990,10840,56,4000.0,63.5,211,208,255,218,3300,8770,43.5,4550,8800,10087,4200,245,1155.0,1900.0,13000,83,2750.0,9934,4400.0,240,4001,3300.0,3008.0,2144.0,1093.0,21.0
2015-08-17 00:00:00,4150,211,11078,9007,10823,56,4000.0,63.5,215,212,255,220,3300,8755,43.5,4550,8800,10106,4200,245,1155.0,1900.0,13000,83,2750.0,9960,4400.0,243,4001,3300.0,3008.0,2144.0,1093.0,21.0
2015-08-24 00:00:00,4150,204,11010,8863,10853,56,4000.0,63.5,210,212,250,220,3300,8795,43.5,4550,8800,10137,4200,240,1155.0,1900.0,13000,81,2750.0,9953,4400.0,236,4001,3300.0,3008.0,2144.0,1093.0,21.0
2015-08-31 00:00:00,4150,211,11044,9086,10841,54,4000.0,62.5,215,207,248,220,3300,8862,42.0,4550,8800,10178,4200,235,1155.0,1900.0,13000,81,2750.0,10004,4400.0,231,4001,3300.0,2745.0,1910.0,1098.0,21.0
2015-09-07 00:00:00,4150,201,11159,9299,10961,56,4000.0,63.5,200,202,236,210,3300,8939,43.0,4550,8800,10233,4200,230,1155.0,2000.0,14000,81,2900.0,10232,4400.0,220,4001,3300.0,2745.0,1910.0,1098.0,21.0
2015-09-14 00:00:00,4150,184,11210,9282,10946,58,4000.0,64.5,189,183,236,205,3300,8923,44.0,4550,8800,10212,4200,210,1155.0,2000.0,14000,81,2900.0,10374,4400.0,206,4001,3300.0,2745.0,1910.0,1098.0,21.0
2015-09-21 00:00:00,4150,180,11237,9206,10949,57,4000.0,64.0,188,181,236,205,3300,8887,43.0,4550,8800,10201,4200,210,1155.0,2000.0,14000,81,2900.0,10411,4400.0,202,4001,3300.0,2745.0,1910.0,1098.0,21.0
2015-09-28 00:00:00,4150,170,11367,9585,10718,57,4000.0,64.0,178,172,231,198,3300,8969,43.0,4550,8800,10024,4200,205,1155.0,2000.0,14000,80,2900.0,10458,4400.0,194,4001,3300.0,2949.0,2018.0,1107.0,22.0
2015-10-05 00:00:00,4150,165,11357,9553,10670,55,4000.0,62.0,175,165,216,188,3300,9209,41.0,4550,8800,10043,4200,195,1155.0,2150.0,14000,79,3225.0,10474,4400.0,187,4001,3300.0,2949.0,2018.0,1107.0,22.0
2015-10-12 00:00:00,4375,154,11310,9574,10531,55,4200.0,62.0,167,163,216,183,3450,9382,41.0,4750,9100,9928,4650,190,1155.0,2150.0,14000,80,3225.0,10552,5000.0,178,4335,3800.0,2949.0,2018.0,1107.0,22.0
2015-10-19 00:00:00,4375,153,11182,9554,10400,55,4200.0,62.0,159,154,205,183,3450,9316,41.0,4750,9100,9746,4650,175,1155.0,2150.0,14000,79,3225.0,10620,5000.0,170,4335,3800.0,2949.0,2018.0,1107.0,22.0
2015-10-26 00:00:00,4375,154,11052,9582,10384,52,4200.0,59.0,158,151,189,173,3450,9354,38.5,4750,9100,9679,4650,180,1155.0,2150.0,14000,78,3225.0,10652,5000.0,173,4335,3800.0,3307.0,2178.0,1099.0,22.0
2015-11-02 00:00:00,4375,167,10624,9485,10008,50,4200.0,58.0,164,158,189,173,3450,9444,37.5,4750,9100,9242,4650,185,1155.0,2150.0,14000,77,3225.0,10625,5000.0,186,4335,3800.0,3307.0,2178.0,1099.0,22.0
2015-11-09 00:00:00,4375,174,10529,9195,9850,48,4200.0,59.5,178,166,181,173,3450,9236,42.5,4750,9000,8991,4650,185,1155.0,2150.0,11000,76,3225.0,10437,5000.0,195,4335,3800.0,3307.0,2178.0,1099.0,22.0
2015-11-16 00:00:00,4375,182,10142,8938,9541,48,4200.0,57.5,180,175,181,173,3450,9053,40.5,4750,9000,8618,4650,190,1155.0,2150.0,11000,74,3225.0,10356,5000.0,200,4335,3800.0,3307.0,2178.0,1099.0,22.0
2015-11-23 00:00:00,4375,181,9428,8844,9154,46,4200.0,54.5,179,173,181,173,3450,8416,37.5,4750,9000,8259,4650,190,1155.0,2150.0,11000,73,3225.0,9808,5000.0,196,4335,3800.0,3307.0,2178.0,1099.0,22.0
2015-11-30 00:00:00,4375,180,9133,8878,9052,44,4200.0,51.5,179,168,183,173,3450,8036,34.5,4750,9000,8160,4650,185,1155.0,2150.0,11000,72,3225.0,9381,5000.0,191,4335,3800.0,3150.0,2112.0,1125.0,22.0
2015-12-07 00:00:00,4375,176,9103,8660,9138,41,4200.0,52.5,178,163,183,173,3450,8002,37.5,4750,9000,8112,4650,180,1155.0,1925.0,11000,74,2825.0,9350,5000.0,190,4335,3800.0,3150.0,2112.0,1125.0,22.0
2015-12-14 00:00:00,4375,176,9143,8330,9142,39,4200.0,50.5,178,161,183,173,3450,8067,35.5,4750,9000,8115,4650,180,1155.0,1925.0,11000,75,2825.0,9326,5000.0,187,4335,3800.0,3150.0,2112.0,1125.0,22.0
2015-12-21 00:00:00,4375,174,9268,8016,9135,39,4200.0,51.5,175,160,183,173,3450,7813,36.5,4750,9000,8050,4650,180,1155.0,1925.0,11000,75,2825.0,8888,5000.0,187,4335,3800.0,3150.0,2112.0,1125.0,22.0
2015-12-28 00:00:00,4375,172,9337,8134,9116,40,4200.0,52.5,168,158,183,173,3450,7638,37.5,4750,9000,8064,4650,180,1155.0,1925.0,11000,76,2825.0,8934,5000.0,186,4335,3800.0,2826.0,1884.0,1115.0,22.0
2016-01-04 00:00:00,4375,172,9332,8077,9095,42,4200.0,54.5,168,160,183,173,3450,7554,39.5,4750,9000,8067,4650,180,1155.0,1925.0,11000,76,2825.0,8973,5000.0,189,4335,3800.0,2826.0,1884.0,1115.0,22.0
2016-01-11 00:00:00,4325,173,9428,8058,9221,42,4200.0,54.5,174,160,183,173,3450,7439,39.5,4700,9000,7826,4650,185,1155.0,1650.0,11000,77,2525.0,8963,5000.0,188,4335,3800.0,2826.0,1884.0,1115.0,22.0
2016-01-18 00:00:00,4325,173,9240,8387,9089,40,4200.0,53.5,175,159,183,173,3450,7538,38.5,4700,9000,8090,4650,190,1130.0,1650.0,11000,77,2525.0,8981,5000.0,186,4322,3800.0,2826.0,1884.0,1115.0,22.0
2016-01-25 00:00:00,4325,172,9272,8361,9126,42,4200.0,54.0,174,156,183,174,3450,7649,39.0,4700,9000,8176,4650,190,1130.0,1650.0,11000,75,2525.0,9023,5000.0,181,4322,3800.0,2826.0,1884.0,1115.0,22.0
2016-02-01 00:00:00,4325,165,9339,8860,9231,42,4200.0,54.0,168,153,183,177,3450,7650,39.0,4700,9000,8247,4650,190,1130.0,1650.0,11000,75,2525.0,9067,5000.0,177,4322,3800.0,2456.0,1751.0,1134.0,22.0
2016-02-08 00:00:00,4325,165,9249,9094,9428,44,4200.0,48.5,167,150,181,177,3450,7916,35.5,4700,8650,8366,4650,185,1130.0,1725.0,11700,74,2525.0,9011,5000.0,176,4322,3800.0,2456.0,1751.0,1134.0,22.0
2016-02-15 00:00:00,4325,164,9442,9094,9540,44,4200.0,48.5,168,148,185,176,3450,8037,35.5,4700,8650,8502,4650,185,1130.0,1725.0,11700,73,2525.0,9224,5000.0,175,4322,3800.0,2456.0,1751.0,1134.0,22.0
2016-02-22 00:00:00,4325,166,9335,9177,9664,47,4200.0,50.0,170,150,187,177,3450,8163,38.0,4700,8650,8603,4650,187,1130.0,1725.0,11700,74,2525.0,9232,5000.0,175,4322,3800.0,2456.0,1751.0,1134.0,22.0
2016-02-29 00:00:00,4325,177,9408,8899,9745,50,4200.0,53.0,182,160,188,177,3450,8007,40.0,4700,8650,8729,4650,189,1130.0,1725.0,11700,76,2525.0,9276,5000.0,188,4322,3800.0,2596.0,1828.0,1077.0,21.0
2016-03-07 00:00:00,4325,189,9437,9266,9724,51,4200.0,57.5,190,169,192,182,3450,7993,44.5,4700,8650,8760,4650,210,1130.0,1875.0,12300,79,2850.0,9373,5000.0,195,4322,3800.0,2596.0,1828.0,1077.0,21.0
2016-03-14 00:00:00,4325,203,9887,8946,9729,60,4200.0,61.0,206,186,193,200,3450,8604,48.0,4700,8650,9023,4650,210,1130.0,1875.0,12300,79,2850.0,9501,5000.0,208,4322,3800.0,2596.0,1828.0,1077.0,21.0
2016-03-21 00:00:00,4325,214,9933,8800,10195,55,4200.0,60.0,215,191,190,210,3450,8865,47.0,4700,8650,9462,4650,240,1130.0,1875.0,12300,80,2850.0,9711,5000.0,220,4322,3800.0,2596.0,1828.0,1077.0,21.0
2016-03-28 00:00:00,4325,217,9990,8900,10444,57,4200.0,61.0,217,200,214,228,3450,8942,48.0,4700,8650,9745,4650,250,1130.0,1875.0,12300,80,2850.0,9836,5000.0,227,4322,3800.0,2818.0,2001.0,1074.0,21.0
2016-04-04 00:00:00,4325,225,9901,8700,10595,54,4200.0,63.0,229,208,236,238,3450,9096,47.0,4700,8650,9847,4650,250,1130.0,1875.0,12300,82,2850.0,9847,5000.0,232,4322,3800.0,2818.0,2001.0,1074.0,21.0
2016-04-11 00:00:00,4575,240,10292,9006,10673,54,4400.0,63.0,244,223,241,243,3550,9097,47.0,5150,8850,9857,5075,260,1250.0,2275.0,14200,86,3325.0,10284,5400.0,258,4642,4100.0,2818.0,2001.0,1074.0,21.0
2016-04-18 00:00:00,4575,257,10153,8701,10732,59,4400.0,66.5,261,242,244,248,3550,9268,49.5,5150,8850,9924,5075,275,1250.0,2275.0,14200,90,3325.0,10461,5400.0,268,4642,4100.0,2818.0,2001.0,1074.0,21.0
2016-04-25 00:00:00,4575,274,10120,8760,11019,65,4400.0,69.5,277,255,251,268,3550,9717,52.5,5150,8850,10402,5075,295,1250.0,2275.0,14200,94,3325.0,10579,5400.0,293,4642,4100.0,2818.0,2001.0,1074.0,21.0
2016-05-02 00:00:00,4575,289,10471,8734,11567,64,4400.0,69.0,289,271,288,275,3550,10325,52.0,5150,8850,10849,5075,325,1250.0,2275.0,14200,97,3325.0,10763,5400.0,309,4642,4100.0,3506.0,2304.0,1119.0,22.0
2016-05-09 00:00:00,4575,309,11395,8788,11860,60,4400.0,67.5,315,288,295,305,3550,10585,51.0,5150,8850,11034,5075,325,1250.0,2250.0,19500,96,3275.0,10978,5400.0,327,4642,4100.0,3506.0,2304.0,1119.0,22.0
2016-05-16 00:00:00,4575,299,12611,10887,12128,55,4400.0,65.0,306,271,295,285,3550,10986,48.5,5150,8850,11282,5075,315,1250.0,2250.0,19500,94,3275.0,11980,5400.0,299,4642,4100.0,3506.0,2304.0,1119.0,22.0
2016-05-23 00:00:00,4575,289,12380,10862,12196,55,4400.0,65.0,302,254,295,270,3550,11022,48.5,5150,8850,11403,5075,285,1250.0,2250.0,19500,91,3275.0,12248,5400.0,296,4642,4100.0,3506.0,2304.0,1119.0,22.0
2016-05-30 00:00:00,4575,274,12420,10793,12443,51,4400.0,60.0,288,199,292,250,3550,11457,46.5,5150,8850,11810,5075,280,1250.0,2250.0,19500,86,3275.0,12613,5400.0,275,4642,4100.0,3434.0,2284.0,1149.0,22.0
2016-06-06 00:00:00,4575,251,12587,11245,12890,51,4400.0,60.0,254,195,290,230,3550,11276,46.5,5150,8875,11984,5075,265,1250.0,2375.0,17750,87,3350.0,12801,5400.0,255,4642,4100.0,3434.0,2284.0,1149.0,22.0
2016-06-13 00:00:00,4575,216,12587,11222,12802,52,4400.0,68.5,217,198,286,225,3550,11296,50.5,5150,8875,11884,5075,245,1250.0,2375.0,17750,90,3350.0,12570,5400.0,232,4642,4100.0,3434.0,2284.0,1149.0,22.0
2016-06-20 00:00:00,4575,211,12827,11117,12540,51,4400.0,68.0,215,193,288,233,3550,11213,50.0,5150,8875,11643,5075,250,1250.0,2375.0,17750,91,3350.0,12311,5400.0,228,4642,4100.0,3434.0,2284.0,1149.0,22.0
2016-06-27 00:00:00,4575,211,12750,11051,12171,51,4400.0,68.0,222,194,288,233,3550,11015,50.0,5150,8875,11323,5075,250,1250.0,2375.0,17750,91,3350.0,12160,5400.0,221,4642,4100.0,3541.0,2373.0,1157.0,22.0
2016-07-04 00:00:00,4575,203,12157,9292,12045,54,4400.0,69.0,207,193,253,233,3550,10216,51.5,5150,8875,10824,5075,240,1250.0,2375.0,17750,91,3350.0,11178,5400.0,217,4642,4100.0,3541.0,2373.0,1157.0,22.0
2016-07-11 00:00:00,4575,202,11872,9427,11352,56,4400.0,62.5,203,185,245,226,3550,9895,45.0,5150,9025,10444,5075,245,1250.0,2025.0,15900,92,3075.0,11159,5400.0,212,4622,3900.0,3541.0,2373.0,1157.0,22.0
2016-07-18 00:00:00,4575,202,11488,9273,11350,58,4400.0,63.5,204,187,250,226,3550,9705,46.0,5150,9025,10419,5075,245,1250.0,2025.0,15900,96,3075.0,11023,5400.0,218,4622,3900.0,3541.0,2373.0,1157.0,22.0
2016-07-25 00:00:00,4575,210,11392,9242,11269,56,4400.0,62.5,208,200,250,226,3550,9524,45.0,5150,9025,10193,5075,250,1250.0,2025.0,15900,97,3075.0,11030,5400.0,225,4622,3900.0,3541.0,2373.0,1157.0,22.0
2016-08-01 00:00:00,4575,213,11309,9162,11248,59,4400.0,63.5,217,201,248,226,3550,9532,46.5,5150,9025,10197,5075,250,1250.0,2025.0,15900,100,3075.0,10479,5400.0,229,4622,3900.0,2930.0,1987.0,1146.0,23.0
2016-08-08 00:00:00,4575,212,11239,9446,11230,60,4400.0,69.0,217,201,250,228,3550,9593,52.5,5150,9225,10411,5075,245,1235.0,2050.0,14750,103,3225.0,10607,5400.0,229,4630,3975.0,2930.0,1987.0,1146.0,23.0
2016-08-15 00:00:00,4575,213,11354,9424,11421,61,4400.0,69.5,217,197,245,228,3550,9971,53.0,5150,9225,10515,5075,250,1235.0,2050.0,14750,106,3225.0,10802,5400.0,228,4630,3975.0,2930.0,1987.0,1146.0,23.0
2016-08-22 00:00:00,4575,208,11519,9446,11509,61,4400.0,69.5,217,200,245,225,3550,10190,53.0,5150,9225,10607,5075,255,1235.0,2050.0,14750,114,3225.0,10858,5400.0,224,4630,3975.0,2930.0,1987.0,1146.0,23.0
2016-08-29 00:00:00,4575,216,11484,10509,11664,61,4400.0,69.5,217,195,250,225,3550,10287,53.0,5150,9225,10750,5075,255,1235.0,2050.0,14750,124,3225.0,11265,5400.0,225,4630,3975.0,3232.0,2123.0,1198.0,23.0
2016-09-05 00:00:00,4575,210,11336,10694,11876,59,4400.0,70.0,217,196,250,226,3550,10344,53.0,5150,9525,11036,5075,255,1235.0,2350.0,14750,139,3525.0,11689,5400.0,225,4637,4050.0,3232.0,2123.0,1198.0,23.0
2016-09-12 00:00:00,4575,209,11512,10918,12191,59,4400.0,70.0,217,191,250,225,3550,10542,53.0,5150,9525,11352,5075,255,1235.0,2350.0,14750,166,3525.0,12011,5400.0,223,4637,4050.0,3232.0,2123.0,1198.0,23.0
2016-09-19 00:00:00,4575,208,11489,11193,12420,56,4400.0,68.0,212,188,248,236,3550,10720,51.0,5150,9525,11495,5075,245,1235.0,2350.0,14750,199,3525.0,12257,5400.0,218,4637,4050.0,3232.0,2123.0,1198.0,23.0
2016-09-26 00:00:00,4575,204,11403,11153,12568,56,4400.0,68.0,209,188,248,230,3550,10937,51.0,5150,9525,11623,5075,250,1235.0,2350.0,14750,206,3525.0,12321,5400.0,210,4637,4050.0,3567.0,2298.0,1097.0,22.0
2016-10-03 00:00:00,4575,196,11612,11111,12591,56,4400.0,69.0,196,181,248,223,3550,11062,51.0,5150,9525,11721,5075,243,1235.0,2350.0,14750,209,3525.0,12279,5400.0,210,4637,4050.0,3567.0,2298.0,1097.0,22.0
2016-10-10 00:00:00,7100,201,12954,11304,13005,55,6450.0,70.0,203,186,243,223,5850,11807,53.0,8150,12900,12201,7700,235,1135.0,2375.0,13400,211,3435.0,13247,8100.0,215,7156,6050.0,3567.0,2298.0,1097.0,22.0
2016-10-17 00:00:00,7100,206,12869,11273,13017,57,6450.0,71.5,208,194,243,223,5850,11839,54.0,8150,12900,12182,7700,240,1135.0,2375.0,13400,222,3435.0,13132,8100.0,220,7156,6050.0,3567.0,2298.0,1097.0,22.0
2016-10-24 00:00:00,7100,213,12672,11552,12976,59,6450.0,73.5,217,208,235,228,5850,11878,55.0,8150,12900,12203,7700,250,1135.0,2375.0,13400,239,3435.0,13125,8100.0,228,7156,6050.0,3567.0,2298.0,1097.0,22.0
2016-10-31 00:00:00,7100,221,12716,11786,12682,62,6450.0,74.5,221,206,235,228,5850,11589,55.5,8150,12900,11917,7700,270,1135.0,2375.0,13400,250,3435.0,12621,8100.0,235,7156,6050.0,3509.0,2330.0,1049.0,22.0
2016-11-07 00:00:00,7100,237,12660,11792,12548,65,6450.0,76.5,240,213,249,233,5850,11729,57.5,8150,12900,11819,8700,290,1135.0,2425.0,13900,265,3300.0,12713,8450.0,253,7522,6625.0,3509.0,2330.0,1049.0,22.0
2016-11-14 00:00:00,7100,252,12564,11584,12483,72,6450.0,77.5,255,236,249,260,5850,11742,59.5,8150,12900,11800,8700,315,1135.0,2425.0,13900,302,3300.0,12866,8450.0,269,7522,6625.0,3509.0,2330.0,1049.0,22.0
2016-11-21 00:00:00,7100,255,12917,11719,12729,74,6450.0,78.5,262,240,278,273,5850,11858,60.5,8150,12900,12108,8700,325,1135.0,2425.0,13900,306,3300.0,12932,8450.0,272,7522,6625.0,3509.0,2330.0,1049.0,22.0
2016-11-28 00:00:00,7100,250,13434,11561,13377,76,6450.0,79.5,261,236,278,273,5850,12196,61.5,8150,12900,12556,8700,320,1135.0,2425.0,13900,304,3300.0,13254,8450.0,270,7522,6625.0,3303.0,2129.0,1079.0,22.0
2016-12-05 00:00:00,7100,248,13500,11894,13950,77,6450.0,83.0,259,233,275,271,5850,12873,67.0,8150,12900,13021,8700,315,1135.0,3175.0,16800,301,4600.0,13702,8700.0,268,7552,6650.0,3303.0,2129.0,1079.0,22.0
2016-12-12 00:00:00,7100,245,14417,12144,14492,81,6450.0,87.0,259,230,275,270,5850,13335,70.0,8150,13100,13600,8700,310,1135.0,3175.0,16800,289,4600.0,14300,8700.0,267,7552,6650.0,3303.0,2129.0,1079.0,22.0
2016-12-19 00:00:00,7100,251,15094,13327,15385,82,6450.0,88.0,270,255,300,285,5850,14171,70.5,8150,13100,14403,8700,315,1135.0,3175.0,16800,254,4600.0,14942,8700.0,279,7552,6650.0,3303.0,2129.0,1079.0,22.0
2016-12-26 00:00:00,7100,259,15561,13377,15869,80,6450.0,86.0,283,263,300,285,5850,14354,69.5,8150,13100,14969,8700,310,1135.0,3175.0,16800,245,4600.0,15269,8700.0,292,7552,6650.0,3848.0,2696.0,1107.0,22.0
2017-01-02 00:00:00,7100,259,16085,13393,15878,80,6450.0,86.0,283,263,300,285,5850,14467,69.5,8150,13100,15046,8700,310,1135.0,3175.0,16800,228,4600.0,15323,8700.0,292,7552,6650.0,3848.0,2696.0,1107.0,22.0
2017-01-09 00:00:00,7375,259,15579,13553,15705,78,6450.0,104.0,283,263,300,285,6300,14420,83.0,10650,13725,15038,11750,310,1360.0,3975.0,20850,210,5200.0,15322,10700.0,292,9311,8475.0,3848.0,2696.0,1107.0,22.0
2017-01-16 00:00:00,7375,256,16093,13449,15861,80,6450.0,104.0,280,260,300,281,6300,14583,84.0,10650,13725,15072,11750,310,1360.0,3975.0,20850,188,5200.0,15312,10700.0,288,9311,8475.0,3848.0,2696.0,1107.0,22.0
2017-01-23 00:00:00,7375,249,15659,13468,15838,82,6450.0,104.5,275,253,300,277,6300,14478,84.5,10650,13725,14887,11750,315,1360.0,3975.0,20850,176,5200.0,15315,10700.0,280,9311,8475.0,3848.0,2696.0,1107.0,22.0
2017-01-30 00:00:00,7375,219,15439,13396,15868,82,6450.0,104.5,246,223,280,265,6300,14480,84.5,10650,13725,14812,11750,300,1360.0,3975.0,20850,173,5200.0,15328,10700.0,250,9311,8475.0,4886.0,3813.0,1554.0,29.0
2017-02-06 00:00:00,12250,206,15233,13426,15642,83,9250.0,104.5,235,209,280,265,8250,14685,84.5,13500,17500,14607,12750,290,2150.0,3775.0,20850,171,5025.0,15303,12600.0,235,11326,9150.0,4886.0,3813.0,1554.0,29.0
2017-02-13 00:00:00,12250,222,14945,13381,15229,83,9250.0,104.5,246,222,313,265,8250,14280,84.5,13500,17500,14201,12750,310,2150.0,3775.0,20850,168,5025.0,15412,12600.0,251,11326,9150.0,4886.0,3813.0,1554.0,29.0
2017-02-20 00:00:00,12250,246,14799,13348,14854,91,9250.0,111.5,270,245,313,280,8250,14234,86.0,13500,17500,13780,12750,328,2150.0,3775.0,20850,155,5025.0,15315,12600.0,275,11326,9150.0,4886.0,3813.0,1554.0,29.0
2017-02-27 00:00:00,12250,254,14729,13155,14506,93,9250.0,114.0,277,252,320,280,8250,13702,87.5,13500,17500,13357,12750,340,2150.0,3775.0,20850,159,5025.0,14552,12600.0,282,11326,9150.0,4827.0,3794.0,1884.0,32.0
2017-03-06 00:00:00,12000,259,14708,13098,14184,92,9150.0,117.5,280,255,335,285,8250,12842,92.0,13500,17500,13070,12750,360,2375.0,3925.0,20850,162,5175.0,13624,12600.0,285,11288,9050.0,4827.0,3794.0,1884.0,32.0
2017-03-13 00:00:00,12000,269,14310,12284,13438,87,9150.0,115.5,287,271,355,290,8250,12538,90.5,13500,17500,12744,12750,365,2375.0,3925.0,20850,161,5175.0,13321,12600.0,299,11288,9050.0,4827.0,3794.0,1884.0,32.0
2017-03-20 00:00:00,12000,268,14112,12269,13515,91,9150.0,117.5,285,270,390,287,8250,12330,92.5,13500,17500,12395,12750,385,2375.0,3925.0,20850,160,5175.0,13198,12600.0,298,11288,9050.0,4827.0,3794.0,1884.0,32.0
2017-03-27 00:00:00,12000,250,13877,11824,13479,86,9150.0,115.5,265,257,390,280,8250,12385,90.5,13500,17500,12440,12750,395,2375.0,3925.0,20850,155,5175.0,13263,12600.0,276,11288,9050.0,5189.0,3889.0,2176.0,36.0
2017-04-03 00:00:00,12000,241,13792,11814,13477,81,9150.0,112.5,255,249,380,280,8250,12348,87.5,13500,17500,12408,12750,390,2375.0,3925.0,20850,155,5175.0,13316,12600.0,267,11288,9050.0,5189.0,3889.0,2176.0,36.0
2017-04-10 00:00:00,7400,247,13543,11738,13400,79,5650.0,111.5,260,255,370,280,5550,12384,84.0,9000,14775,12281,7900,390,2375.0,4175.0,21250,214,5825.0,13269,8300.0,275,7242,5675.0,5189.0,3889.0,2176.0,36.0
2017-04-17 00:00:00,7400,246,13631,11707,13392,71,5650.0,104.5,258,254,370,275,5550,12310,80.0,9000,14775,12245,7900,387,2375.0,4175.0,21250,285,5825.0,13199,8300.0,274,7242,5675.0,5189.0,3889.0,2176.0,36.0
2017-04-24 00:00:00,7400,238,13731,11652,13268,65,5650.0,102.5,249,243,365,275,5550,12225,77.5,9000,14775,12192,7900,385,2375.0,4175.0,21250,268,5825.0,13215,8300.0,265,7242,5675.0,5189.0,3889.0,2176.0,36.0
2017-05-01 00:00:00,7400,238,13742,11580,13298,68,5650.0,103.5,246,239,365,270,5550,12235,78.5,9000,14775,12230,7900,375,2375.0,4175.0,21250,231,5825.0,13174,8300.0,263,7242,5675.0,5528.0,4304.0,2293.0,38.0
2017-05-08 00:00:00,7400,252,13627,11576,13275,66,5650.0,87.5,257,250,365,275,5550,12270,64.0,9000,14775,12189,7850,370,2400.0,3525.0,18500,201,4950.0,13211,8150.0,274,7230,5850.0,5528.0,4304.0,2293.0,38.0
2017-05-15 00:00:00,7400,251,13442,11599,13168,60,5650.0,82.0,255,249,365,275,5550,12273,61.0,9000,14775,12170,7850,370,2400.0,3525.0,18500,174,4950.0,13209,8150.0,273,7230,5850.0,5528.0,4304.0,2293.0,38.0
2017-05-22 00:00:00,7400,250,13558,11566,13095,62,5650.0,83.0,255,248,365,275,5550,12302,62.0,9000,14775,12107,7850,365,2400.0,3525.0,18500,159,4950.0,13157,8150.0,273,7230,5850.0,5528.0,4304.0,2293.0,38.0
2017-05-29 00:00:00,7400,246,13576,11547,13080,60,5650.0,82.0,253,247,365,270,5550,12298,61.0,9000,14775,12017,7850,360,2400.0,3525.0,18500,154,4950.0,13136,8150.0,271,7230,5850.0,4702.0,3753.0,2440.0,39.0
2017-06-05 00:00:00,7400,246,13563,11542,12995,57,5650.0,76.5,253,247,365,265,5550,12152,56.5,9000,14550,11896,7850,360,2400.0,2797.5,18250,152,4110.0,12885,8150.0,271,7227,5825.0,4702.0,3753.0,2440.0,39.0
2017-06-12 00:00:00,7400,247,13437,11564,12815,56,5650.0,75.5,253,248,350,265,5550,12029,55.5,9000,14550,11708,7850,355,2400.0,2797.5,18250,149,4110.0,12828,8150.0,272,7227,5825.0,4702.0,3753.0,2440.0,39.0
2017-06-19 00:00:00,7400,249,13389,11545,12826,54,5650.0,75.5,254,250,350,265,5550,11762,54.5,9000,14550,11668,7850,350,2400.0,2797.5,18250,142,4110.0,12575,8150.0,274,7227,5825.0,4702.0,3753.0,2440.0,39.0
2017-06-26 00:00:00,7400,253,12917,11552,12821,56,5650.0,77.0,256,254,345,265,5550,11580,56.5,9000,14550,11677,7850,345,2400.0,2797.5,18250,143,4110.0,12376,8150.0,280,7227,5825.0,3881.0,3014.0,2415.0,39.0
2017-07-03 00:00:00,7400,262,12932,11545,12814,61,5650.0,85.0,267,263,340,275,5550,11609,57.0,9000,14550,11715,7850,340,2400.0,2797.5,18250,148,4110.0,12369,8150.0,288,7227,5825.0,3881.0,3014.0,2415.0,39.0
2017-07-10 00:00:00,6800,270,12925,11119,12808,63,5600.0,89.5,271,270,345,280,5200,11568,59.0,7900,12250,11695,7200,350,1900.0,2440.0,18250,152,3450.0,12478,7700.0,295,6674,5600.0,3881.0,3014.0,2415.0,39.0
2017-07-17 00:00:00,6800,271,13107,11124,12803,65,5600.0,91.5,273,273,345,290,5200,11583,60.0,7900,12250,11663,7200,350,1900.0,2440.0,18250,160,3450.0,12606,7700.0,297,6674,5600.0,3881.0,3014.0,2415.0,39.0
2017-07-24 00:00:00,6800,273,13301,11608,12766,68,5600.0,92.5,275,278,350,290,5200,11938,61.5,7900,12800,11862,7200,350,1900.0,2440.0,18250,169,3450.0,12999,7700.0,302,6674,5600.0,3881.0,3014.0,2415.0,39.0
2017-07-31 00:00:00,6800,292,13492,11696,13137,69,5600.0,92.5,295,290,355,303,5200,12038,61.5,7900,12800,12253,7200,360,1900.0,2440.0,18250,176,3450.0,13145,7700.0,320,6674,5600.0,3336.0,2577.0,1970.0,32.0
2017-08-07 00:00:00,6800,305,13519,11891,13841,73,5600.0,95.0,310,303,355,308,5200,12200,65.5,7900,12800,12697,7200,355,1850.0,2860.0,18850,181,3925.0,13401,7700.0,328,6674,5600.0,3336.0,2577.0,1970.0,32.0
2017-08-14 00:00:00,6800,325,13960,12226,14104,76,5600.0,96.0,327,320,355,330,5200,12366,67.0,7900,12650,13033,7200,360,1850.0,2860.0,18850,191,3925.0,13482,7700.0,345,6674,5600.0,3336.0,2577.0,1970.0,32.0
2017-08-21 00:00:00,6800,330,15507,12256,14648,74,5600.0,95.0,336,329,360,340,5200,13013,66.0,7900,12650,13535,7200,365,1850.0,2860.0,18850,193,3925.0,13638,7700.0,355,6674,5600.0,3336.0,2577.0,1970.0,32.0
2017-08-28 00:00:00,6800,333,16541,12924,15876,78,5600.0,97.0,339,332,363,340,5200,14149,68.0,7900,12650,14841,7200,375,1850.0,2860.0,18850,201,3925.0,14904,7700.0,358,6674,5600.0,3775.0,2771.0,1964.0,32.0
2017-09-04 00:00:00,6800,330,16341,13529,16179,77,5600.0,96.5,336,330,375,353,5200,14285,66.5,7900,12650,15142,7200,380,1850.0,2860.0,18850,208,3925.0,15177,7700.0,356,6674,5600.0,3775.0,2771.0,1964.0,32.0
2017-09-11 00:00:00,6800,331,16411,13732,16271,77,5600.0,94.0,339,327,375,352,5200,14533,65.5,7900,12650,15267,7200,380,1850.0,3305.0,19350,210,4540.0,15466,7700.0,356,6699,5850.0,3775.0,2771.0,1964.0,32.0
2017-09-18 00:00:00,6800,326,17060,14888,16676,74,5600.0,92.5,336,315,375,352,5200,15355,64.0,7900,12650,15732,7200,380,1850.0,3305.0,19350,207,4540.0,16078,7700.0,352,6699,5850.0,3775.0,2771.0,1964.0,32.0
2017-09-25 00:00:00,6800,305,17450,15634,17238,67,5600.0,90.5,321,305,370,352,5200,15692,60.5,7900,12650,16167,7200,375,1850.0,3305.0,19350,198,4540.0,16597,7700.0,330,6699,5850.0,3775.0,2771.0,1964.0,32.0
2017-10-02 00:00:00,6800,280,17386,15517,17228,63,5600.0,89.0,290,265,333,345,5200,15692,59.0,7900,12650,16221,7200,345,1850.0,3305.0,19350,190,4540.0,16696,7700.0,305,6699,5850.0,4367.0,3291.0,1986.0,32.0
2017-10-09 00:00:00,9300,275,17575,15386,17167,62,7600.0,102.5,285,260,333,325,6125,15697,70.0,10050,16300,16257,8400,345,2150.0,3370.0,20650,186,4630.0,16546,9450.0,300,8199,6675.0,4367.0,3291.0,1986.0,32.0
2017-10-16 00:00:00,9300,280,17256,15201,16933,60,7600.0,97.5,290,265,327,325,6125,16029,69.0,10050,16300,16006,8400,340,2150.0,3370.0,20650,182,4630.0,16804,9450.0,307,8199,6675.0,4367.0,3291.0,1986.0,32.0
2017-10-23 00:00:00,9300,285,17141,15301,16898,61,7600.0,100.0,286,261,327,323,6125,15815,69.0,10050,16300,15961,8400,340,2150.0,3370.0,20650,180,4630.0,16719,9450.0,303,8199,6675.0,4367.0,3291.0,1986.0,32.0
2017-10-30 00:00:00,9300,273,16555,14522,16484,61,7600.0,100.0,286,261,336,323,6125,15028,69.0,10050,16300,15416,8400,340,2150.0,3370.0,20650,181,4630.0,16126,9450.0,302,8199,6675.0,4532.0,3374.0,2074.0,34.0
2017-11-06 00:00:00,8800,279,16255,14274,16141,60,7600.0,105.0,290,265,336,323,5900,14445,70.0,9500,16025,14958,8400,340,2150.0,2750.0,20000,177,3800.0,15713,9450.0,309,8023,6675.0,4532.0,3374.0,2074.0,34.0
2017-11-13 00:00:00,8800,275,16093,14146,15769,63,7600.0,106.5,283,260,336,330,5900,14316,73.0,9500,16025,14552,8400,337,2150.0,2750.0,20000,181,3800.0,15601,9450.0,304,8023,6675.0,4532.0,3374.0,2074.0,34.0
2017-11-20 00:00:00,8800,277,15222,14170,15327,62,7600.0,106.5,293,266,330,330,5900,13691,73.0,9500,16025,14246,8400,340,2150.0,2750.0,20000,188,3800.0,15328,9450.0,310,8023,6675.0,4532.0,3374.0,2074.0,34.0
2017-11-27 00:00:00,8800,285,15389,14017,14970,65,7600.0,107.5,296,272,325,340,5900,13724,74.0,9500,16025,13932,8400,335,2150.0,2750.0,20000,198,3800.0,15192,9450.0,315,8023,6675.0,3741.0,2749.0,2104.0,34.0
2017-12-04 00:00:00,8800,301,15415,14013,14882,68,7600.0,109.0,300,270,330,345,5900,13599,75.5,9500,16025,13758,8400,335,2150.0,2750.0,20000,205,3800.0,15040,9450.0,329,8023,6675.0,3741.0,2749.0,2104.0,34.0
2017-12-11 00:00:00,8700,320,15320,13972,14759,70,7600.0,110.0,315,285,350,355,6400,13580,76.5,9400,15850,13604,8400,355,2150.0,2740.0,20000,220,3780.0,15028,9450.0,345,8093,6675.0,3741.0,2749.0,2104.0,34.0
2017-12-18 00:00:00,8700,320,15321,13918,14768,70,7600.0,110.0,317,295,350,355,6400,13632,76.5,9400,15850,13605,8400,355,2150.0,2740.0,20000,226,3780.0,15024,9450.0,352,8093,6675.0,3741.0,2749.0,2104.0,34.0
2017-12-25 00:00:00,8700,333,15297,14052,14722,74,7600.0,112.0,335,315,355,380,6400,13502,80.0,9400,15850,13567,8400,360,2150.0,2740.0,20000,240,3780.0,14803,9450.0,360,8093,6675.0,3741.0,2749.0,2104.0,34.0
2018-01-01 00:00:00,8700,335,15154,14322,14666,73,7600.0,112.0,340,320,360,385,6400,13606,79.5,9400,15850,13550,8400,365,2150.0,2740.0,20000,250,3780.0,14844,9450.0,365,8093,6675.0,3742.0,2740.0,2206.0,36.0
2018-01-08 00:00:00,9850,340,14898,14088,14478,76,8000.0,113.0,345,320,360,390,7225,13583,79.5,10425,15750,13424,9800,365,1765.0,3350.0,20300,249,4250.0,14727,10850.0,370,9118,7050.0,3742.0,2740.0,2206.0,36.0
2018-01-15 00:00:00,9850,340,14887,14081,14604,79,8000.0,114.5,345,325,380,380,7225,13598,81.5,10425,15750,13461,9800,380,1765.0,3350.0,20300,247,4875.0,14888,10850.0,372,9118,7050.0,3742.0,2740.0,2206.0,36.0
2018-01-22 00:00:00,9850,330,14846,14367,14700,76,8000.0,111.5,338,317,380,380,7225,13641,78.5,10425,15750,13544,9800,380,1765.0,3350.0,20300,228,4875.0,14965,10850.0,360,9118,7050.0,3742.0,2740.0,2206.0,36.0
2018-01-29 00:00:00,9850,325,15065,14359,14810,75,8000.0,110.5,330,312,370,360,7225,13594,77.5,10425,15750,13498,9800,365,1765.0,3350.0,20300,212,4875.0,14927,10850.0,353,9118,7050.0,4239.0,3100.0,1863.0,33.0
2018-02-05 00:00:00,11000,317,14993,14347,15065,72,8237.5,110.5,318,300,370,360,8075,13917,75.0,11925,15425,13826,10550,370,2475.0,3575.0,20550,213,5075.0,15211,11250.0,348,9922,7350.0,4239.0,3100.0,1863.0,33.0
2018-02-12 00:00:00,11000,317,14826,14166,15431,76,8237.5,112.5,320,300,370,350,8075,13967,78.0,11925,15425,14201,10550,365,2475.0,3575.0,20550,223,5075.0,15139,11250.0,348,9922,7350.0,4239.0,3100.0,1863.0,33.0
2018-02-19 00:00:00,11000,322,14967,14583,15618,78,8237.5,113.5,325,303,360,350,8075,14272,79.0,11925,15425,14413,10550,360,2475.0,3575.0,20550,228,5075.0,15390,11250.0,353,9922,7350.0,4239.0,3100.0,1863.0,33.0
2018-02-26 00:00:00,11000,320,15240,14657,15976,78,8237.5,113.5,335,305,373,375,8075,14739,79.0,11925,15425,14665,10550,365,2475.0,3575.0,20550,229,5075.0,15580,11250.0,358,9922,7350.0,4666.0,3414.0,2367.0,37.0
2018-03-05 00:00:00,9925,326,15496,14965,16356,79,8237.5,113.5,337,315,375,385,7375,15040,80.0,11000,15275,15231,10550,370,2475.0,3675.0,20550,230,5045.0,15836,11250.0,364,9545,7350.0,4666.0,3414.0,2367.0,37.0
2018-03-12 00:00:00,9925,335,15536,15567,16731,73,8237.5,111.0,350,325,380,400,7375,15040,77.0,11000,15275,15612,10550,380,2475.0,3675.0,20550,230,5045.0,16001,11250.0,375,9545,7350.0,4666.0,3414.0,2367.0,37.0
2018-03-19 00:00:00,9925,335,16989,15440,17007,70,8237.5,108.5,350,325,390,405,7375,15271,75.5,11000,15275,15775,10550,395,2475.0,3675.0,20550,214,5045.0,16421,11250.0,374,9545,7350.0,4666.0,3414.0,2367.0,37.0
2018-03-26 00:00:00,9925,333,17904,15583,17211,67,8237.5,105.5,350,323,395,405,7375,15404,74.0,11000,15275,16100,10550,395,2475.0,3675.0,20550,208,5045.0,16692,11250.0,370,9545,7350.0,4566.0,3464.0,2492.0,38.0
2018-04-02 00:00:00,9925,333,18226,15729,17710,64,8237.5,102.0,350,322,395,395,7375,16012,63.0,11000,15275,16612,10550,397,2475.0,3675.0,20550,196,5045.0,16921,11250.0,366,9545,7350.0,4566.0,3464.0,2492.0,38.0
2018-04-09 00:00:00,9950,330,18965,15925,17974,64,8087.5,102.0,345,317,395,375,7425,16221,63.0,11100,15075,17000,8900,397,2525.0,3685.0,20750,195,5040.0,17321,9812.5,356,8888,6650.0,4566.0,3464.0,2492.0,38.0
2018-04-16 00:00:00,9950,329,18828,15954,17992,65,8087.5,102.0,343,314,395,375,7425,16346,63.0,11100,15075,16988,8900,397,2525.0,3685.0,20750,191,5040.0,17409,9812.5,354,8888,6650.0,4566.0,3464.0,2492.0,38.0
2018-04-23 00:00:00,9950,320,18827,16016,17939,66,8087.5,104.0,330,303,390,375,7425,16544,63.5,11100,15075,17036,8900,395,2525.0,3685.0,20750,184,5040.0,17567,9812.5,345,8888,6650.0,4566.0,3464.0,2492.0,38.0
2018-04-30 00:00:00,9950,325,18772,16159,17862,67,8087.5,105.0,335,308,385,360,7425,16374,64.0,11100,15075,16988,8900,390,2525.0,3685.0,20750,177,5040.0,17628,9812.5,350,8888,6650.0,4830.0,3511.0,2680.0,41.0
2018-05-07 00:00:00,9350,325,18781,16135,17790,66,8087.5,104.0,327,314,385,360,6875,16330,64.5,10350,14675,16856,8900,385,2625.0,3350.0,21250,179,4525.0,17642,9812.5,354,8608,6650.0,4830.0,3511.0,2680.0,41.0
2018-05-14 00:00:00,9350,325,18581,16218,17681,67,8087.5,105.0,327,314,390,365,6875,16412,65.0,10350,14675,16787,8900,385,2625.0,3350.0,21250,185,4525.0,17623,9812.5,358,8608,6650.0,4830.0,3511.0,2680.0,41.0
2018-05-21 00:00:00,9350,318,18147,16191,17703,67,8087.5,105.0,327,310,395,365,6875,16395,65.0,10350,14675,16674,8900,390,2625.0,3350.0,21250,185,4525.0,17570,9812.5,349,8608,6650.0,4830.0,3511.0,2680.0,41.0
2018-05-28 00:00:00,9350,312,17797,16155,17678,64,8087.5,102.0,327,303,398,365,6875,16394,63.5,10350,14675,16597,8900,390,2625.0,3350.0,21250,184,4525.0,17518,9812.5,341,8608,6650.0,4238.0,3241.0,2021.0,37.0
2018-06-04 00:00:00,9350,305,17669,16170,17702,64,8087.5,102.0,320,295,398,360,6875,16468,63.5,10350,14675,16544,8900,390,2625.0,3350.0,21250,190,4525.0,17571,9812.5,333,8608,6650.0,4238.0,3241.0,2021.0,37.0
2018-06-11 00:00:00,9500,312,17475,16432,17499,65,8087.5,107.5,320,308,398,355,6675,16515,64.5,10150,13875,16362,9325,390,1925.0,3525.0,21250,195,4850.0,17543,9812.5,340,8653,6550.0,4238.0,3241.0,2021.0,37.0
2018-06-18 00:00:00,9500,320,17846,16604,17479,66,8087.5,108.5,325,320,395,357,6675,16337,65.0,10150,13875,16346,9325,390,1925.0,3525.0,21250,198,4850.0,17369,9812.5,348,8653,6550.0,4238.0,3241.0,2021.0,37.0
2018-06-25 00:00:00,9500,326,17994,16492,17279,64,8087.5,106.5,333,325,397,357,6675,16180,64.0,10150,13875,16108,9325,393,1925.0,3525.0,21250,198,4850.0,17325,9812.5,354,8653,6550.0,4238.0,3241.0,2021.0,37.0
2018-07-02 00:00:00,9500,326,17826,16331,17161,64,8087.5,109.5,333,324,397,357,6675,15945,64.0,10150,13875,15923,9325,393,1925.0,3525.0,21250,197,4850.0,17195,9812.5,354,8653,6550.0,4492.0,3463.0,1950.0,37.0
2018-07-09 00:00:00,9425,323,18064,16070,17153,63,8000.0,110.5,333,321,400,357,6925,15922,63.5,10250,13500,15963,9150,400,2785.0,3275.0,23000,198,5000.0,17273,10125.0,350,8692,6550.0,4492.0,3463.0,1950.0,37.0
2018-07-16 00:00:00,9425,314,18071,16424,17428,63,8000.0,110.5,323,311,395,357,6925,16101,63.5,10250,13500,16200,9150,400,2785.0,3275.0,23000,180,5000.0,17405,10125.0,341,8692,6550.0,4492.0,3463.0,1950.0,37.0
2018-07-23 00:00:00,9425,312,18134,16531,17657,64,8000.0,114.0,323,305,390,355,6925,16133,64.0,10250,13500,16413,9150,395,2785.0,3275.0,23000,177,5000.0,17443,10125.0,339,8692,6550.0,4492.0,3463.0,1950.0,37.0
2018-07-30 00:00:00,9425,309,18380,16630,17752,67,8000.0,117.0,320,298,390,355,6925,16194,65.5,10250,13500,16515,9150,395,2785.0,3275.0,23000,173,5000.0,17473,10125.0,335,8692,6550.0,4828.0,3588.0,2353.0,40.0
2018-08-06 00:00:00,9600,305,18412,16711,17956,67,8000.0,117.0,317,303,385,350,6950,16283,65.0,10350,13425,16721,9150,395,2750.0,3585.0,23000,173,4987.5,17546,10125.0,330,8760,6875.0,4828.0,3588.0,2353.0,40.0
2018-08-13 00:00:00,9600,299,18665,16881,18143,69,8000.0,119.0,305,288,385,350,6950,16515,67.0,10350,13425,16914,9150,390,2750.0,3585.0,23000,180,4987.5,17588,10125.0,323,8760,6875.0,4828.0,3588.0,2353.0,40.0
2018-08-20 00:00:00,9600,287,18747,16935,18228,68,8000.0,118.0,287,263,375,350,6950,16773,66.0,10350,13425,16967,9150,380,2750.0,3585.0,23000,182,4987.5,17649,10125.0,310,8760,6875.0,4828.0,3588.0,2353.0,40.0
2018-08-27 00:00:00,9600,274,18675,16914,18522,67,8000.0,118.0,279,279,375,350,6950,16810,66.0,10350,13425,17247,9150,377,2750.0,3585.0,23000,182,4987.5,17663,10125.0,297,8760,6875.0,5202.0,3667.0,2683.0,43.0
2018-09-03 00:00:00,9600,285,18833,17490,18821,66,8000.0,122.5,285,284,375,343,6950,17329,65.0,10350,13425,17608,9150,377,2750.0,3585.0,23000,182,4987.5,18397,10125.0,310,8760,6875.0,5202.0,3667.0,2683.0,43.0
2018-09-10 00:00:00,9175,295,19051,17636,19185,67,7950.0,125.0,295,284,370,343,6700,17601,58.0,9925,13550,17924,9250,375,2985.0,3850.0,23000,187,6075.0,18508,10125.0,317,8629,6875.0,5202.0,3667.0,2683.0,43.0
2018-09-17 00:00:00,9175,295,19289,17737,19615,69,7950.0,126.0,297,292,370,343,6700,17962,59.0,9925,13550,18322,9250,373,2985.0,3850.0,23000,199,6075.0,18833,10125.0,319,8629,6875.0,5202.0,3667.0,2683.0,43.0
2018-09-24 00:00:00,9175,300,19542,17768,19773,69,7950.0,126.0,297,292,370,343,6700,18212,59.0,9925,13550,18517,9250,373,2985.0,3850.0,23000,204,6075.0,18994,10125.0,324,8629,6875.0,5202.0,3667.0,2683.0,43.0
2018-10-01 00:00:00,9175,296,19529,17783,19870,69,7950.0,126.0,296,292,365,355,6700,18222,59.0,9925,13550,18596,9250,370,2985.0,3850.0,23000,200,6075.0,19016,10125.0,321,8629,6875.0,5866.0,3955.0,2411.0,40.0
2018-10-08 00:00:00,9725,300,19477,17906,19853,70,7950.0,121.0,299,292,360,360,6850,18304,60.0,10300,13225,18596,9250,366,3140.0,4150.0,23750,210,6475.0,18987,10300.0,325,8770,6725.0,5866.0,3955.0,2411.0,40.0
2018-10-15 00:00:00,9725,303,19496,17983,19794,71,7950.0,119.0,303,293,360,360,6850,18271,60.5,10300,13225,18594,9250,365,3140.0,4150.0,23750,211,6475.0,19007,10300.0,328,8770,6725.0,5866.0,3955.0,2411.0,40.0
2018-10-22 00:00:00,9725,301,19509,17900,19731,73,7950.0,116.0,304,295,360,360,6850,18245,60.5,10300,13225,18465,9250,365,3140.0,4150.0,23750,214,6475.0,19020,10300.0,328,8770,6725.0,5866.0,3955.0,2411.0,40.0
2018-10-29 00:00:00,9725,303,19607,17965,19677,76,7950.0,106.0,305,297,355,357,6850,18048,60.5,10300,13225,18401,9250,364,3140.0,4150.0,23750,214,6475.0,18894,10300.0,331,8770,6725.0,6284.0,4234.0,2944.0,46.0
2018-11-05 00:00:00,10200,306,19495,17937,19243,75,7950.0,106.0,315,297,350,357,7050,18062,61.0,10825,13375,17969,9250,364,3160.0,4280.0,22750,215,6400.0,19000,10600.0,337,8960,6650.0,6284.0,4234.0,2944.0,46.0
2018-11-12 00:00:00,10200,310,19135,17792,18834,75,7950.0,106.0,315,305,350,357,7050,17624,61.0,10825,13375,17748,9250,364,3160.0,4280.0,22750,216,6400.0,18718,10600.0,338,8960,6650.0,6284.0,4234.0,2944.0,46.0
2018-11-19 00:00:00,10200,308,18630,17406,18308,75,7950.0,100.0,313,306,350,352,7050,17113,61.0,10825,13375,17158,9250,364,3160.0,4280.0,22750,219,6400.0,18294,10600.0,336,8960,6650.0,6284.0,4234.0,2944.0,46.0
2018-11-26 00:00:00,10200,304,18130,17247,17830,73,7950.0,96.0,310,292,350,347,7050,16588,59.0,10825,13375,16667,9250,364,3160.0,4280.0,22750,218,6400.0,17864,10600.0,329,8960,6650.0,6279.0,4298.0,3181.0,48.0
2018-12-03 00:00:00,10200,295,17631,16766,17333,65,7950.0,87.0,307,286,350,336,7050,16123,55.0,10825,13375,16142,9250,364,3160.0,4280.0,22750,216,6400.0,17434,10600.0,318,8960,6650.0,6279.0,4298.0,3181.0,48.0
2018-12-10 00:00:00,10425,278,17068,16774,16881,67,7950.0,87.0,289,276,350,332,7150,15754,58.0,11100,13375,15632,9250,360,3350.0,4550.0,22750,222,6750.0,17120,10700.0,309,9055,6650.0,6279.0,4298.0,3181.0,48.0
2018-12-17 00:00:00,10425,278,17345,17160,16698,68,7950.0,87.0,280,275,345,322,7150,15150,58.0,11100,13375,15444,9250,355,3350.0,4550.0,22750,219,6750.0,16458,10700.0,301,9055,6650.0,6279.0,4298.0,3181.0,48.0
2018-12-24 00:00:00,10425,271,17312,17172,16810,71,7950.0,88.5,269,255,345,323,7150,15326,59.0,11100,13375,15545,9250,350,3350.0,4550.0,22750,218,6750.0,16414,10700.0,292,9055,6650.0,6279.0,4298.0,3181.0,48.0
2018-12-31 00:00:00,10425,265,17242,17056,16899,72,7950.0,88.5,269,252,340,315,7150,15405,59.0,11100,13375,15548,9250,345,3350.0,4550.0,22750,211,6750.0,16535,10700.0,290,9055,6650.0,6735.0,4621.0,3340.0,53.0
2019-01-07 00:00:00,10700,255,16649,16932,16848,72,7950.0,88.5,259,245,340,310,7350,15305,59.0,11400,13450,15531,9250,345,3035.0,4135.0,22525,203,6425.0,16513,11425.0,280,9246,6650.0,6735.0,4621.0,3340.0,53.0
2019-01-14 00:00:00,10700,255,16498,17170,16937,75,7950.0,88.5,260,235,335,310,7350,15356,61.5,11400,13450,15523,9250,337,3035.0,4135.0,22525,197,6425.0,16568,11425.0,277,9246,6650.0,6735.0,4621.0,3340.0,53.0
2019-01-21 00:00:00,10700,270,16455,16684,16858,75,7950.0,88.5,269,246,330,301,7350,15243,61.5,11400,13450,15489,9250,325,3035.0,4135.0,22525,190,6425.0,16496,11425.0,285,9246,6650.0,6735.0,4621.0,3340.0,53.0
2019-01-28 00:00:00,10700,270,16748,16520,16927,75,7950.0,88.5,273,262,325,301,7350,15266,61.5,11400,13450,15505,9250,325,3035.0,4135.0,22525,194,6425.0,16529,11425.0,295,9246,6650.0,6360.0,4191.0,3052.0,48.0
2019-02-04 00:00:00,10700,291,18261,16773,17458,83,7950.0,91.5,295,283,315,322,7350,15912,69.5,11400,13450,16136,9250,325,3035.0,4135.0,22525,200,6425.0,16787,11425.0,309,9246,6650.0,6360.0,4191.0,3052.0,48.0
2019-02-11 00:00:00,10250,305,18567,16780,17817,91,7700.0,100.5,315,290,330,327,7150,16196,77.5,11125,13625,16556,10150,330,3300.0,4565.0,22525,199,7175.0,17406,11200.0,329,9331,6725.0,6360.0,4191.0,3052.0,48.0
2019-02-18 00:00:00,10250,303,18541,16842,17948,88,7700.0,100.5,316,293,335,327,7150,16600,75.5,11125,13625,16700,10150,332,3300.0,4565.0,22525,202,7175.0,17699,11200.0,327,9331,6725.0,6360.0,4191.0,3052.0,48.0
2019-02-25 00:00:00,10250,295,19142,16898,18686,88,7700.0,100.5,316,285,335,330,7150,17442,75.5,11125,13625,17486,10150,343,3300.0,4565.0,22525,206,7175.0,18291,11200.0,320,9331,6725.0,6360.0,4191.0,3052.0,48.0
2019-03-04 00:00:00,10250,285,20030,17333,18848,85,7700.0,97.5,300,275,335,325,7150,17967,72.5,11125,13625,18094,10150,345,3300.0,4565.0,22525,209,7175.0,18852,11200.0,310,9331,6725.0,7120.0,4621.0,3668.0,55.0
2019-03-11 00:00:00,10200,293,20701,18006,19328,87,7700.0,95.0,302,287,347,335,7100,18920,74.5,11050,13550,18587,10150,345,3765.0,5000.0,23025,211,7760.0,19808,11200.0,320,9305,6725.0,7120.0,4621.0,3668.0,55.0
2019-03-18 00:00:00,10200,295,20774,18119,19902,85,7700.0,94.0,305,287,347,340,7100,18915,73.5,11050,13550,19010,10150,350,3765.0,5000.0,23025,210,7760.0,19902,11200.0,323,9305,6725.0,7120.0,4621.0,3668.0,55.0
2019-03-25 00:00:00,10200,295,20741,18421,19600,86,7700.0,94.0,305,287,347,345,7100,18922,74.5,11050,13550,18545,10150,345,3765.0,5000.0,23025,209,7760.0,19961,11200.0,323,9305,6725.0,7120.0,4621.0,3668.0,55.0
2019-04-01 00:00:00,10200,292,20442,18699,19208,85,7700.0,93.0,302,287,347,340,7100,18494,74.5,11050,13550,18241,10150,355,3765.0,5000.0,23025,204,7760.0,19560,11200.0,319,9305,6725.0,7718.0,5043.0,3989.0,62.0
2019-04-08 00:00:00,10525,287,19304,18208,18445,91,7700.0,93.0,296,282,347,335,7350,17493,81.0,11400,13700,17151,10150,350,3792.5,5100.0,22200,198,7805.0,19078,11425.0,313,9455,6650.0,7718.0,5043.0,3989.0,62.0
2019-04-15 00:00:00,10525,280,18955,17972,18201,95,7700.0,99.0,288,275,347,335,7350,16886,85.5,11400,13700,16903,10150,355,3792.5,5100.0,22200,199,7805.0,18488,11425.0,306,9455,6650.0,7718.0,5043.0,3989.0,62.0
2019-04-22 00:00:00,10525,287,17491,17523,16985,93,7700.0,98.0,293,282,335,335,7350,16234,84.0,11400,13700,15685,10150,350,3792.5,5100.0,22200,202,7805.0,17751,11425.0,312,9455,6650.0,7718.0,5043.0,3989.0,62.0
2019-04-29 00:00:00,10525,285,16696,17174,16652,93,7700.0,98.0,290,280,330,315,7350,16141,84.0,11400,13700,15349,10150,350,3792.5,5100.0,22200,201,7805.0,17602,11425.0,310,9455,6650.0,7727.0,5151.0,3994.0,64.0
2019-05-06 00:00:00,10300,275,16724,16760,16530,94,7700.0,99.0,286,267,330,315,7175,16132,85.0,11150,13700,15287,9750,337,3900.0,4975.0,21950,203,7890.0,17360,11025.0,303,9190,6462.5,7727.0,5151.0,3994.0,64.0
2019-05-13 00:00:00,10300,265,16045,16530,16116,95,7700.0,102.0,275,260,330,310,7175,15699,85.0,11150,13700,14933,9750,337,3900.0,4975.0,21950,207,7890.0,16972,11025.0,290,9190,6462.5,7727.0,5151.0,3994.0,64.0
2019-05-20 00:00:00,10300,269,15682,16563,16074,96,7700.0,108.0,279,258,330,305,7175,15236,86.0,11150,13700,14867,9750,335,3900.0,4975.0,21950,208,7890.0,16812,11025.0,294,9190,6462.5,7727.0,5151.0,3994.0,64.0
2019-05-27 00:00:00,10300,285,15669,16108,16044,103,7700.0,108.0,292,275,330,305,7175,14890,95.0,11150,13700,14811,9750,337,3900.0,4975.0,21950,205,7890.0,16438,11025.0,310,9190,6462.5,7829.0,5175.0,3119.0,53.0
2019-06-03 00:00:00,10300,280,15554,15793,15921,103,7700.0,109.0,290,272,330,310,7175,14391,95.0,11150,13700,14686,9750,335,3900.0,4975.0,21950,202,7890.0,16118,11025.0,303,9190,6462.5,7829.0,5175.0,3119.0,53.0
2019-06-10 00:00:00,10350,282,15391,15500,15636,99,7700.0,110.0,290,273,330,311,7225,14449,92.5,11225,13700,14176,9750,333,3690.0,5225.0,21950,200,7425.0,16094,11075.0,298,9180,6037.5,7829.0,5175.0,3119.0,53.0
2019-06-17 00:00:00,10350,270,15565,15530,15632,107,7700.0,117.0,275,259,320,305,7225,14449,99.5,11225,13700,14097,9750,327,3690.0,5225.0,21950,197,7425.0,16051,11075.0,290,9180,6037.5,7829.0,5175.0,3119.0,53.0
2019-06-24 00:00:00,10350,256,15525,15578,15636,114,7700.0,123.0,265,250,315,305,7225,14821,106.5,11225,13700,14371,9750,327,3690.0,5225.0,21950,195,7425.0,16142,11075.0,279,9180,6037.5,7829.0,5175.0,3119.0,53.0
2019-07-01 00:00:00,10350,260,15670,15608,16431,116,7700.0,125.0,268,257,315,300,7225,14991,108.5,11225,13700,15299,9750,332,3690.0,5225.0,21950,193,7425.0,16404,11075.0,285,9180,6037.5,7685.0,5345.0,2874.0,50.0
2019-07-08 00:00:00,8825,274,16603,15678,16626,122,6200.0,130.0,278,268,315,305,6525,15294,116.0,9925,12525,15474,8950,335,3050.0,5275.0,21850,189,7410.0,17049,9550.0,298,8154,5575.0,7685.0,5345.0,2874.0,50.0
2019-07-15 00:00:00,8825,270,17730,15866,17132,120,6200.0,127.5,275,265,315,305,6525,15883,114.5,9925,12525,15935,8950,345,3050.0,5275.0,21850,185,7410.0,17411,9550.0,295,8154,5575.0,7685.0,5345.0,2874.0,50.0
2019-07-22 00:00:00,8825,269,17843,15882,17509,121,6200.0,128.5,273,265,320,305,6525,16238,115.5,9925,12525,16282,8950,345,3050.0,5275.0,21850,180,7410.0,17571,9550.0,294,8154,5575.0,7685.0,5345.0,2874.0,50.0
2019-07-29 00:00:00,8825,269,18359,15926,17591,117,6200.0,124.5,273,265,320,305,6525,16254,111.5,9925,12525,16320,8950,345,3050.0,5275.0,21850,174,7410.0,17543,9550.0,294,8154,5575.0,7375.0,5432.0,3009.0,49.0
2019-08-05 00:00:00,8250,270,18523,15712,17521,116,6200.0,124.0,273,265,345,305,6250,16227,110.5,9300,12150,16334,8950,345,3475.0,5675.0,21850,165,8170.0,17583,9225.0,292,7913,5575.0,7375.0,5432.0,3009.0,49.0
2019-08-12 00:00:00,8250,268,18634,15744,17370,96,6200.0,106.0,269,265,340,304,6250,16074,90.5,9300,12150,16266,8950,342,3475.0,5675.0,21850,159,8170.0,17545,9225.0,289,7913,5575.0,7375.0,5432.0,3009.0,49.0
2019-08-19 00:00:00,8250,260,18262,15766,17177,89,6200.0,100.0,269,260,340,304,6250,15747,83.5,9300,12150,16078,8950,342,3475.0,5675.0,21850,156,8170.0,17508,9225.0,284,7913,5575.0,7375.0,5432.0,3009.0,49.0
2019-08-26 00:00:00,8250,250,17569,15722,16854,87,6200.0,98.0,260,255,335,304,6250,15613,81.5,9300,12150,15756,8950,340,3475.0,5675.0,21850,153,8170.0,17437,9225.0,279,7913,5575.0,8067.0,5957.0,3427.0,53.0
2019-09-02 00:00:00,8250,242,17403,15773,16883,84,6200.0,95.0,246,245,330,295,6250,15599,78.5,9300,12150,15686,8950,335,3475.0,5675.0,21850,154,8170.0,17344,9225.0,270,7913,5575.0,8067.0,5957.0,3427.0,53.0
2019-09-09 00:00:00,7650,225,16385,15924,16311,90,6200.0,97.0,228,226,315,292,5825,14776,84.5,8625,12150,14959,8950,325,3725.0,5300.0,21850,154,7050.0,16472,8725.0,253,7615,5575.0,8067.0,5957.0,3427.0,53.0
2019-09-16 00:00:00,7650,213,16427,15953,15958,95,6200.0,97.0,215,212,310,277,5825,14739,88.5,8625,12150,14702,8950,320,3725.0,5300.0,21850,150,7050.0,16391,8725.0,240,7615,5575.0,8067.0,5957.0,3427.0,53.0
2019-09-23 00:00:00,7650,205,15921,15702,15813,95,6200.0,100.5,208,200,305,260,5825,14498,88.5,8625,12150,14403,8950,315,3725.0,5300.0,21850,143,7050.0,16172,8725.0,233,7615,5575.0,8067.0,5957.0,3427.0,53.0
2019-09-30 00:00:00,7650,199,15688,15270,15198,91,6200.0,102.0,200,192,285,258,5825,14144,85.0,8625,12150,13765,8950,300,3725.0,5300.0,21850,138,7050.0,16068,8725.0,225,7615,5575.0,7063.0,5274.0,3549.0,50.0
2019-10-07 00:00:00,6525,199,14825,14832,14905,94,5125.0,105.0,201,194,280,245,5300,13578,88.0,7850,11525,13447,7600,300,2475.0,4125.0,20750,146,5275.0,15566,7100.0,227,6605,5075.0,7063.0,5274.0,3549.0,50.0
2019-10-14 00:00:00,6525,207,14292,14919,14432,93,5125.0,104.0,208,204,275,242,5300,13267,87.0,7850,11525,13274,7600,280,2475.0,4125.0,20750,148,5275.0,15105,7100.0,233,6605,5075.0,7063.0,5274.0,3549.0,50.0
2019-10-21 00:00:00,6525,216,14245,14844,14326,88,5125.0,99.0,218,210,280,242,5300,13033,82.0,7850,11525,13166,7600,280,2475.0,4125.0,20750,152,5275.0,14668,7100.0,241,6605,5075.0,7063.0,5274.0,3549.0,50.0
2019-10-28 00:00:00,6525,225,14262,14479,14252,87,5125.0,99.0,230,220,285,248,5300,12908,82.0,7850,11525,13172,7600,285,2475.0,4125.0,20750,150,5275.0,14573,7100.0,250,6605,5075.0,5173.0,4040.0,2716.0,46.0
2019-11-04 00:00:00,6525,230,14426,12937,14110,85,5125.0,99.0,232,225,285,258,5300,12181,79.0,7850,11525,12878,7600,290,2475.0,4125.0,20750,144,5275.0,13581,7100.0,255,6605,5075.0,5173.0,4040.0,2716.0,46.0
2019-11-11 00:00:00,6750,238,14709,13058,13839,82,5125.0,98.0,240,231,290,265,5275,12469,78.0,7850,11525,12702,7600,298,2460.0,3925.0,20750,134,5200.0,13494,7100.0,260,6605,5075.0,5173.0,4040.0,2716.0,46.0
2019-11-18 00:00:00,6750,240,14477,12845,13893,82,5125.0,101.0,242,233,290,270,5275,12563,78.0,7850,11525,12713,7600,302,2460.0,3925.0,20750,135,5200.0,13513,7100.0,261,6605,5075.0,5173.0,4040.0,2716.0,46.0
2019-11-25 00:00:00,6750,239,14627,12149,14167,86,5125.0,103.5,246,235,300,275,5275,12840,82.0,7850,11525,13100,7600,305,2460.0,3925.0,20750,133,5200.0,13559,7100.0,262,6605,5075.0,5173.0,4040.0,2716.0,46.0
2019-12-02 00:00:00,6750,245,15019,12756,14373,88,5125.0,103.5,245,239,305,275,5275,13215,84.0,7850,11525,13370,7600,306,2460.0,3925.0,20750,135,5200.0,14161,7100.0,266,6605,5075.0,5075.0,3998.0,2561.0,44.0
2019-12-09 00:00:00,6750,260,15266,13388,14614,89,5125.0,103.5,257,255,310,282,5275,13679,84.0,7850,11525,13563,7600,308,2375.0,3600.0,20750,138,4600.0,14638,7100.0,285,6605,5075.0,5075.0,3998.0,2561.0,44.0
2019-12-16 00:00:00,6750,272,15468,13225,15274,94,5125.0,107.5,275,268,310,295,5275,13801,89.0,7850,11525,13941,7600,315,2375.0,3600.0,20750,136,4600.0,14791,7100.0,297,6605,5075.0,5075.0,3998.0,2561.0,44.0
2019-12-23 00:00:00,6750,275,15532,13391,15385,93,5125.0,107.5,276,271,310,297,5275,14168,88.0,7850,11525,14059,7600,320,2375.0,3600.0,20750,136,4600.0,14749,7100.0,299,6605,5075.0,5075.0,3998.0,2561.0,44.0
2019-12-30 00:00:00,6750,277,15842,13431,15907,91,5125.0,107.5,276,272,320,297,5275,14352,86.0,7850,11525,14606,7600,320,2375.0,3600.0,20750,136,4600.0,15224,7100.0,301,6605,5075.0,4642.0,3477.0,2462.0,43.0
2020-01-06 00:00:00,6750,276,15907,13453,16047,92,5125.0,108.5,276,272,320,299,5275,14417,87.0,7850,11525,14626,7600,320,2750.0,3950.0,19050,140,4850.0,15438,7100.0,301,6605,5075.0,4642.0,3477.0,2462.0,43.0
2020-01-13 00:00:00,6125,275,16361,14164,16626,94,4400.0,109.5,275,270,320,299,4875,14506,89.0,6450,10650,15066,6975,320,2750.0,3950.0,19050,147,4850.0,15620,6400.0,299,5920,4650.0,4642.0,3477.0,2462.0,43.0
2020-01-20 00:00:00,6125,270,16475,14035,16876,95,4400.0,113.0,271,265,325,299,4875,14711,90.0,6450,10650,15470,6975,328,2750.0,3950.0,19050,152,4850.0,15893,6400.0,295,5920,4650.0,4642.0,3477.0,2462.0,43.0
2020-01-27 00:00:00,6125,257,16693,13893,16845,94,4400.0,116.0,260,250,325,289,4875,14916,89.0,6450,10650,15556,6975,322,2750.0,3950.0,19050,152,4850.0,16421,6400.0,280,5920,4650.0,4875.0,3766.0,2584.0,46.0
2020-02-03 00:00:00,6125,248,17038,13993,16833,84,4400.0,113.0,252,240,320,285,4875,15438,80.0,6450,10650,15530,6975,322,2750.0,3950.0,19050,152,4850.0,17040,6400.0,270,5920,4650.0,4875.0,3766.0,2584.0,46.0
2020-02-10 00:00:00,6025,240,17340,14620,16684,82,4300.0,115.0,240,228,315,270,4550,15862,78.0,6175,11200,15392,6875,310,2750.0,3900.0,19050,150,5135.0,17561,6075.0,260,5720,4525.0,4875.0,3766.0,2584.0,46.0
2020-02-17 00:00:00,6025,251,17062,14780,16908,86,4300.0,115.0,252,240,315,260,4550,16058,82.0,6175,11200,15454,6875,310,2750.0,3900.0,19050,154,5135.0,17637,6075.0,272,5720,4525.0,4875.0,3766.0,2584.0,46.0
2020-02-24 00:00:00,6025,258,16714,14756,15983,90,4300.0,115.0,260,247,320,275,4550,15539,86.0,6175,11200,14937,6875,330,2750.0,3900.0,19050,158,5135.0,17536,6075.0,280,5720,4525.0,4875.0,3766.0,2584.0,46.0
2020-03-02 00:00:00,6025,255,17056,14590,15608,88,4300.0,117.0,260,245,320,275,4550,15349,84.0,6175,11200,15025,6875,330,2750.0,3900.0,19050,161,5135.0,17115,6075.0,278,5720,4525.0,5022.0,3796.0,2741.0,46.0
2020-03-09 00:00:00,6025,249,15306,14154,14832,90,4700.0,117.0,254,243,323,270,4300,15082,86.0,6350,11825,14061,6575,341,2650.0,3700.0,19300,162,4880.0,16936,5625.0,273,5580,4275.0,5022.0,3796.0,2741.0,46.0
2020-03-16 00:00:00,6025,245,15441,14186,15153,90,4700.0,117.0,250,240,323,265,4300,14217,86.0,6350,11825,13672,6575,335,2650.0,3700.0,19300,160,4880.0,16367,5625.0,270,5580,4275.0,5022.0,3796.0,2741.0,46.0
2020-03-23 00:00:00,6025,222,15189,13993,15266,90,4700.0,116.0,226,215,310,257,4300,13986,86.0,6350,11825,13896,6575,305,2650.0,3700.0,19300,163,4880.0,15754,5625.0,245,5580,4275.0,5022.0,3796.0,2741.0,46.0
2020-03-30 00:00:00,6025,199,15112,13959,15124,85,4700.0,104.5,195,188,290,240,4300,13846,81.0,6350,11825,13758,6575,297,2650.0,3700.0,19300,156,4880.0,15563,5625.0,215,5580,4275.0,4779.0,3562.0,2470.0,44.0
2020-04-06 00:00:00,6025,190,15119,13902,14716,83,4700.0,104.5,192,190,270,233,4300,13533,79.0,6350,11825,13464,6575,280,2715.0,4050.0,20100,144,5355.0,15516,5625.0,210,5580,4275.0,4779.0,3562.0,2470.0,44.0
2020-04-13 00:00:00,6025,230,15003,13849,14683,83,4700.0,104.5,230,225,265,233,4300,13867,79.0,6350,11975,13324,6575,285,2405.0,4050.0,20100,135,5355.0,15812,5625.0,245,5580,4275.0,4779.0,3562.0,2470.0,44.0
2020-04-20 00:00:00,6025,242,15407,13923,14833,85,4700.0,102.5,244,232,265,250,4300,13981,81.0,6350,11975,13414,6575,290,2405.0,4050.0,20100,135,5355.0,16073,5625.0,256,5580,4275.0,4779.0,3562.0,2470.0,44.0
2020-04-27 00:00:00,6025,241,16149,14469,15546,84,4700.0,98.5,245,232,265,250,4300,14608,80.0,6350,11975,14229,6575,283,2405.0,4050.0,20100,126,5355.0,16684,5625.0,255,5580,4275.0,5281.0,4072.0,2210.0,44.0
2020-05-04 00:00:00,6025,230,16327,14213,15853,83,4700.0,96.5,225,220,267,250,4300,14859,79.0,6350,11975,14625,6575,286,2405.0,4050.0,20100,114,5355.0,16986,5625.0,240,5580,4275.0,5281.0,4072.0,2210.0,44.0
2020-05-11 00:00:00,6025,230,16247,14244,15923,85,4500.0,101.5,232,220,285,250,4150,14831,81.0,6350,11475,14627,6575,288,2402.5,4075.0,20100,110,5725.0,17013,5625.0,242,5530,4275.0,5281.0,4072.0,2210.0,44.0
2020-05-18 00:00:00,6025,235,16133,14045,15705,91,4500.0,103.5,240,225,290,255,4150,14370,86.5,6350,11475,14370,6575,290,2402.5,4075.0,20100,116,5725.0,16514,5625.0,250,5530,4275.0,5281.0,4072.0,2210.0,44.0
2020-05-25 00:00:00,6025,235,14983,13994,14946,97,4500.0,109.0,240,220,295,252,4150,13578,92.5,6350,11475,13642,6575,295,2402.5,4075.0,20100,118,5725.0,15486,5625.0,250,5530,4275.0,5281.0,4072.0,2210.0,44.0
2020-06-01 00:00:00,6025,238,14834,13739,14631,97,4500.0,110.0,241,225,295,255,4150,13058,92.5,6350,11475,13257,6575,296,2402.5,4075.0,20100,111,5725.0,14911,5625.0,253,5530,4275.0,5645.0,4206.0,2399.0,44.0
2020-06-08 00:00:00,6025,243,14309,13629,14467,101,4500.0,111.5,247,230,295,260,4150,12702,96.0,6350,9625,13091,6575,307,2880.0,4025.0,20100,108,5695.0,14185,5625.0,258,5530,4275.0,5645.0,4206.0,2399.0,44.0
2020-06-15 00:00:00,6025,250,14363,13702,14523,105,4500.0,111.5,253,236,300,270,4150,12777,98.0,6350,9625,13162,6575,305,2880.0,4025.0,20100,109,5695.0,13844,5625.0,265,5530,4275.0,5645.0,4206.0,2399.0,44.0
2020-06-22 00:00:00,6025,245,15019,13394,14771,104,4500.0,108.5,250,235,313,281,4150,13367,96.0,6350,9625,13613,6575,318,2880.0,4025.0,20100,111,5695.0,13687,5625.0,264,5530,4275.0,5645.0,4206.0,2399.0,44.0
2020-06-29 00:00:00,6025,237,15611,13549,15210,104,4500.0,106.5,244,230,313,265,4150,13917,96.0,6350,9625,14018,6575,315,2880.0,4025.0,20100,115,5695.0,14474,5625.0,257,5530,4275.0,5566.0,4012.0,2304.0,42.0
2020-07-06 00:00:00,4700,235,16135,13680,15502,101,4000.0,106.5,244,230,305,257,3225,14252,92.0,5000,8550,14232,5725,310,2600.0,4580.0,20250,116,6240.0,14956,4750.0,255,4610,3850.0,5566.0,4012.0,2304.0,42.0
2020-07-13 00:00:00,4700,233,16093,13891,15694,105,4000.0,108.0,241,230,313,257,3225,14385,95.0,5000,8550,14462,5725,317,2600.0,4580.0,20250,116,6240.0,15346,4750.0,255,4610,3850.0,5566.0,4012.0,2304.0,42.0
2020-07-20 00:00:00,4700,236,16450,14243,15809,112,4000.0,109.0,239,235,320,257,3225,14749,99.5,5000,8550,14664,5725,323,2600.0,4580.0,20250,110,6240.0,16007,4750.0,259,4610,3850.0,5566.0,4012.0,2304.0,42.0
2020-07-27 00:00:00,4700,245,16575,14357,16100,110,4000.0,108.0,248,245,320,267,3225,15036,97.5,5000,8550,14979,5725,323,2600.0,4580.0,20250,111,6240.0,16443,4750.0,269,4610,3850.0,6256.0,4645.0,2577.0,46.0
2020-08-03 00:00:00,4700,255,17052,14364,16548,110,4000.0,109.0,256,252,320,273,3225,15399,97.5,5000,8550,15362,5725,325,2600.0,4580.0,20250,111,6240.0,16775,4750.0,277,4610,3850.0,6256.0,4645.0,2577.0,46.0
2020-08-10 00:00:00,4700,264,17468,14462,16807,119,4000.0,112.5,263,257,337,278,3225,15815,105.5,5000,8700,15826,5725,335,2765.0,4825.0,20250,107,6575.0,17173,4750.0,283,4610,3850.0,6256.0,4645.0,2577.0,46.0
2020-08-17 00:00:00,4700,266,17434,14797,17205,122,4000.0,112.5,264,259,340,293,3225,16070,108.5,5000,8700,16267,5725,342,2765.0,4825.0,20250,106,6575.0,17596,4750.0,285,4610,3850.0,6256.0,4645.0,2577.0,46.0
2020-08-24 00:00:00,4700,261,17836,15637,17550,127,4000.0,117.0,263,253,340,305,3225,16335,113.5,5000,8700,16626,5725,342,2765.0,4825.0,20250,106,6575.0,17907,4750.0,282,4610,3850.0,6256.0,4645.0,2577.0,46.0
2020-08-31 00:00:00,4700,265,17989,15744,17534,123,4000.0,116.0,267,260,340,308,3225,16380,111.0,5000,8700,16583,5725,345,2765.0,4825.0,20250,107,6575.0,18075,4750.0,288,4610,3850.0,6418.0,4936.0,2651.0,47.0
2020-09-07 00:00:00,4700,275,17983,16233,17520,127,4000.0,121.5,278,270,350,310,3225,16554,114.5,5000,9550,16595,5725,354,3060.0,6050.0,20550,108,7570.0,18417,4750.0,298,4610,3850.0,6418.0,4936.0,2651.0,47.0
2020-09-14 00:00:00,4700,280,18039,16547,17869,128,4000.0,127.5,282,276,365,314,3225,17172,114.5,5000,9550,16887,5725,360,3060.0,6950.0,20550,113,7570.0,18961,4750.0,301,4610,3850.0,6418.0,4936.0,2651.0,47.0
2020-09-21 00:00:00,4700,273,19027,16672,18270,126,4000.0,129.5,282,273,365,314,3225,17817,112.5,5000,9550,17320,5725,369,3060.0,5625.0,20550,125,7570.0,19405,4750.0,296,4610,3850.0,6418.0,4936.0,2651.0,47.0
2020-09-28 00:00:00,4700,272,19507,17257,18706,117,4000.0,120.5,283,273,360,305,3225,18220,103.5,5000,9550,17687,5725,363,2980.0,5625.0,20550,135,7570.0,19591,4750.0,295,4610,3850.0,7441.0,6257.0,2888.0,50.0
2020-10-05 00:00:00,4850,265,19744,17768,18923,121,4000.0,123.5,275,266,350,305,3225,18492,107.5,5300,9550,17962,5725,348,3390.0,6150.0,22350,138,8445.0,19934,4750.0,290,4680,3850.0,7441.0,6257.0,2888.0,50.0
2020-10-12 00:00:00,4850,260,19928,17982,19099,124,4000.0,126.0,265,260,353,302,3225,18681,110.5,5300,9550,18201,5725,355,3390.0,6150.0,22350,135,8445.0,20070,4750.0,285,4680,3850.0,7441.0,6257.0,2888.0,50.0
2020-10-19 00:00:00,4850,260,19716,17973,19062,121,4000.0,124.0,266,260,353,301,3225,18466,106.0,5300,9550,18148,5725,355,3390.0,6150.0,22350,123,8445.0,20070,4750.0,286,4680,3850.0,7441.0,6257.0,2888.0,50.0
2020-10-26 00:00:00,4850,264,19708,18031,18857,119,4000.0,126.0,270,262,353,301,3225,18526,103.5,5300,9550,18044,5725,359,3390.0,6150.0,22350,112,8445.0,20063,4750.0,290,4680,3850.0,8225.0,6210.0,3330.0,56.0
2020-11-02 00:00:00,4850,265,19823,18089,18906,116,4000.0,125.0,272,264,353,303,3225,18742,100.5,5300,9550,18080,5725,359,3390.0,6150.0,22350,111,8445.0,20215,4750.0,292,4680,3850.0,8225.0,6210.0,3330.0,56.0
2020-11-09 00:00:00,4850,269,20125,18438,19351,118,4050.0,128.0,277,266,360,308,3225,19029,102.5,5300,9550,18508,5725,370,3445.0,6650.0,23100,115,8445.0,20562,4750.0,296,4680,3850.0,8225.0,6210.0,3330.0,56.0
2020-11-16 00:00:00,4850,281,20199,18723,19672,123,4050.0,132.0,291,280,375,325,3225,19116,107.5,5300,9550,18760,5725,379,3445.0,6650.0,23100,116,8445.0,20650,4750.0,310,4680,3850.0,8225.0,6210.0,3330.0,56.0
2020-11-23 00:00:00,4850,303,20488,19062,20073,127,4050.0,135.0,310,300,395,335,3225,19331,111.5,5300,9550,19154,5725,405,3445.0,6650.0,23100,114,8445.0,20966,4750.0,330,4680,3850.0,8225.0,6210.0,3330.0,56.0
2020-11-30 00:00:00,4850,322,21016,18927,20698,129,4050.0,137.0,320,315,430,340,3225,19632,113.5,5300,9550,19729,5725,435,3445.0,6650.0,23100,118,8445.0,21348,4750.0,350,4680,3850.0,8184.0,6382.0,3442.0,57.0
2020-12-07 00:00:00,4850,330,21464,19187,21376,137,4050.0,147.0,340,320,440,380,3225,20299,121.5,5300,9550,20457,5725,470,3440.0,6635.0,24600,121,8450.0,21786,4750.0,360,4680,3850.0,8184.0,6382.0,3442.0,57.0
2020-12-14 00:00:00,4850,372,22924,19772,22459,153,4050.0,157.0,380,365,485,390,3225,21377,137.5,5300,9550,21690,5725,490,3440.0,6635.0,24600,122,8450.0,22629,4750.0,400,4680,3850.0,8184.0,6382.0,3442.0,57.0
2020-12-21 00:00:00,4850,415,24467,20725,23828,158,4050.0,163.0,418,405,505,455,3225,22925,142.5,5300,9550,23142,5725,515,3440.0,6635.0,24600,123,8450.0,23676,4750.0,440,4680,3850.0,8184.0,6382.0,3442.0,57.0
2020-12-28 00:00:00,4850,442,26167,22224,26123,168,4050.0,184.0,447,433,535,475,3225,24565,152.5,5300,9550,25395,5725,540,3440.0,6635.0,24600,126,8450.0,25382,4750.0,470,4680,3850.0,8216.0,6236.0,3432.0,56.0
2021-01-04 00:00:00,4850,450,27485,23365,27402,161,4050.0,181.0,454,440,535,475,3225,26082,145.5,5300,9550,26802,5725,540,3440.0,6635.0,24600,129,8450.0,27156,4750.0,477,4680,3850.0,8216.0,6236.0,3432.0,56.0
2021-01-11 00:00:00,5050,455,27884,23572,28007,168,4350.0,190.0,457,443,550,480,3425,26461,152.5,6850,11350,27134,6325,555,4025.0,8100.0,32375,131,9885.0,27967,6250.0,480,5370,4100.0,8216.0,6236.0,3432.0,56.0
2021-01-18 00:00:00,5050,440,27893,24195,28134,171,4350.0,194.0,445,428,550,480,3425,26348,155.5,6850,11350,27297,6325,555,4025.0,8100.0,32375,138,9885.0,27545,6250.0,465,5370,4100.0,8216.0,6236.0,3432.0,56.0
2021-01-25 00:00:00,5050,410,28573,25479,28415,170,4350.0,196.0,414,403,520,455,3425,27178,154.5,6850,11350,27647,6325,525,4025.0,8100.0,32375,151,9885.0,27983,6250.0,440,5370,4100.0,8216.0,6236.0,3432.0,56.0
2021-02-01 00:00:00,5050,380,28416,25579,28503,163,4350.0,192.0,392,380,490,417,3425,27494,147.5,6850,11350,27662,6325,505,4025.0,8100.0,32375,171,9885.0,28246,6250.0,415,5370,4100.0,9443.0,7682.0,4008.0,64.0
2021-02-08 00:00:00,7000,366,28187,25285,28002,154,5950.0,183.0,370,363,480,397,5150,27253,138.5,7950,14500,27102,8375,495,6600.0,9585.0,29875,172,11515.0,28177,8000.0,398,7000,4900.0,9443.0,7682.0,4008.0,64.0
2021-02-15 00:00:00,7000,375,26751,24914,26993,164,5950.0,189.0,375,370,485,415,5150,26000,148.5,7950,14500,25834,8375,500,6600.0,9585.0,29875,165,11515.0,27643,8000.0,407,7000,4900.0,9443.0,7682.0,4008.0,64.0
2021-02-22 00:00:00,7000,387,25897,24774,25779,170,5950.0,190.0,388,380,500,440,5150,25440,154.5,7950,14500,24638,8375,520,6600.0,9585.0,29875,159,11515.0,27158,8000.0,418,7000,4900.0,9443.0,7682.0,4008.0,64.0
2021-03-01 00:00:00,7000,415,26494,24850,25524,174,5950.0,195.0,417,410,510,445,5150,25314,162.5,7950,14500,24653,8375,525,6600.0,9585.0,29875,154,11515.0,27240,8000.0,445,7000,4900.0,11218.0,9905.0,6679.0,93.0
2021-03-08 00:00:00,8250,425,26694,25336,26096,176,6600.0,201.0,425,422,520,460,5700,26011,164.5,8450,19500,25029,8475,546,4075.0,9425.0,30875,148,11575.0,27254,7800.0,460,7440,5900.0,11218.0,9905.0,6679.0,93.0
2021-03-15 00:00:00,8250,405,26961,26291,26877,168,6600.0,194.0,412,407,530,460,5700,26177,156.5,8450,19500,25843,8475,546,4075.0,9425.0,30875,142,11575.0,27738,7800.0,445,7440,5900.0,11218.0,9905.0,6679.0,93.0
2021-03-22 00:00:00,8250,390,27526,26498,27680,164,6600.0,190.5,400,390,530,434,5700,26624,152.5,8450,19500,26670,8475,545,4075.0,9425.0,30875,138,11575.0,28137,7800.0,427,7440,5900.0,11218.0,9905.0,6679.0,93.0
2021-03-29 00:00:00,8250,382,28225,27172,28656,160,6600.0,190.5,393,380,530,438,5700,27371,148.5,8450,19500,27585,8475,545,4075.0,9425.0,30875,136,11575.0,28832,7800.0,417,7440,5900.0,11388.0,9677.0,4524.0,71.0
2021-04-05 00:00:00,8600,393,28804,27524,28998,167,7150.0,201.5,400,390,510,442,6250,27728,155.5,9500,21850,27967,8475,545,4550.0,10375.0,37600,138,12825.0,29311,7800.0,428,7870,6650.0,11388.0,9677.0,4524.0,71.0
2021-04-12 00:00:00,8600,398,28948,27737,28730,171,7150.0,205.5,407,392,520,455,6250,27676,159.5,9500,21850,27727,8475,550,4550.0,10375.0,37600,138,12825.0,29418,7800.0,431,7870,6650.0,11388.0,9677.0,4524.0,71.0
2021-04-19 00:00:00,8600,395,28798,27700,28318,175,7150.0,210.0,405,388,540,460,6250,27420,158.5,9500,21850,27434,8475,550,4550.0,10375.0,37600,138,12825.0,29405,7800.0,428,7870,6650.0,11388.0,9677.0,4524.0,71.0
2021-04-26 00:00:00,8600,395,28571,27709,27879,185,7150.0,219.0,407,388,540,456,6250,27481,160.0,9500,21850,26981,8475,565,4550.0,10375.0,37600,138,12825.0,29309,7800.0,425,7870,6650.0,12736.0,10537.0,4439.0,70.0
2021-05-03 00:00:00,8600,405,28138,27722,27484,191,7150.0,228.0,415,400,560,466,6250,27325,166.0,9500,21850,26450,8475,580,4550.0,10375.0,37600,138,12825.0,29031,7800.0,438,7870,6650.0,12736.0,10537.0,4439.0,70.0
2021-05-10 00:00:00,8600,437,27905,27700,27155,197,7150.0,233.0,445,432,590,471,6250,27092,172.0,9500,22250,26104,8475,600,4675.0,10050.0,37600,140,14025.0,28821,7800.0,470,7870,6650.0,12736.0,10537.0,4439.0,70.0
2021-05-17 00:00:00,8600,471,27865,27883,27257,225,7150.0,256.0,480,467,630,525,6250,27165,200.0,9500,22250,26160,8475,660,4675.0,10050.0,37600,149,14025.0,29010,7800.0,503,7870,6650.0,12736.0,10537.0,4439.0,70.0
2021-05-24 00:00:00,8600,473,28524,28571,27865,213,7150.0,244.0,482,470,630,535,6250,27588,188.0,9500,22250,26709,8475,640,4675.0,10050.0,37600,165,14025.0,29303,7800.0,507,7870,6650.0,12736.0,10537.0,4439.0,70.0
2021-05-31 00:00:00,8600,475,29326,28883,28807,189,7150.0,224.0,483,475,630,518,6250,28134,164.0,9500,22250,27659,8475,640,4675.0,10050.0,37600,180,14025.0,29809,7800.0,510,7870,6650.0,13956.0,10279.0,4420.0,72.0
2021-06-07 00:00:00,8600,468,29672,28805,29278,207,7150.0,241.0,478,468,620,508,6250,28352,182.0,9500,24750,28162,8475,635,5390.0,12000.0,38350,190,16750.0,30160,7800.0,503,7870,6650.0,13956.0,10279.0,4420.0,72.0
2021-06-14 00:00:00,8600,469,29561,28242,29330,213,7150.0,246.0,475,469,630,515,6250,28373,187.0,9500,24750,28260,8475,635,5390.0,12000.0,38350,196,16750.0,30148,7800.0,504,7870,6650.0,13956.0,10279.0,4420.0,72.0
2021-06-21 00:00:00,8600,463,29375,27722,29190,219,7150.0,253.0,461,465,630,515,6250,28202,192.0,9500,24750,28003,8475,640,5390.0,12000.0,38350,201,16750.0,30128,7800.0,500,7870,6650.0,13956.0,10279.0,4420.0,72.0
2021-06-28 00:00:00,8600,457,29065,26673,28969,214,7150.0,250.0,459,462,615,513,6250,27807,187.0,9500,24750,27679,8475,605,5390.0,12000.0,38350,211,16750.0,30111,7800.0,497,7870,6650.0,16293.0,12288.0,5231.0,82.0
2021-07-05 00:00:00,11800,456,27776,25813,27889,218,10500.0,259.0,459,460,615,518,9500,26924,191.0,14500,28500,26892,10150,600,5475.0,12090.0,42500,220,16450.0,29662,10800.0,498,10930,9500.0,16293.0,12288.0,5231.0,82.0
2021-07-12 00:00:00,11800,453,26909,25816,27063,220,10500.0,260.0,457,458,615,518,9500,26257,193.0,14500,28500,25966,10150,585,5475.0,12090.0,42500,227,16450.0,28463,10800.0,496,10930,9500.0,16293.0,12288.0,5231.0,82.0
2021-07-19 00:00:00,11800,441,26080,25855,25804,220,10500.0,255.0,448,448,615,508,9500,25358,193.0,14500,28500,24734,10150,605,5475.0,12090.0,42500,233,16450.0,27589,10800.0,486,10930,9500.0,16293.0,12288.0,5231.0,82.0
2021-07-26 00:00:00,11800,437,26272,24580,26161,209,10500.0,241.0,445,440,605,508,9500,24725,182.0,14500,28500,24714,10150,608,5475.0,12090.0,42500,236,16450.0,26726,10800.0,480,10930,9500.0,16162.0,12403.0,5313.0,87.0
2021-08-02 00:00:00,11800,430,26890,23645,26351,196,10500.0,222.0,439,427,570,503,9500,24886,169.0,14500,28500,25089,10150,590,5475.0,12090.0,42500,240,16450.0,26656,10800.0,472,10930,9500.0,16162.0,12403.0,5313.0,87.0
2021-08-09 00:00:00,11800,424,27101,24491,26706,178,10500.0,199.0,424,417,550,500,9500,25215,151.0,14500,28500,25589,10150,565,5750.0,12715.0,42500,245,17750.0,26812,10800.0,464,10930,9500.0,16162.0,12403.0,5313.0,87.0
2021-08-16 00:00:00,11800,415,27849,24489,27356,163,10500.0,181.0,421,410,540,495,9500,25672,137.0,14500,28500,26472,10150,540,5750.0,12715.0,42500,252,17750.0,26824,10800.0,457,10930,9500.0,16162.0,12403.0,5313.0,87.0
2021-08-23 00:00:00,11800,410,27941,24136,27394,149,10500.0,167.0,415,400,500,500,9500,26077,123.0,14500,28500,26514,10150,500,5750.0,12715.0,42500,261,17750.0,26890,10800.0,452,10930,9500.0,16162.0,12403.0,5313.0,87.0
2021-08-30 00:00:00,11800,406,28185,24175,27420,149,10500.0,163.0,413,396,485,500,9500,25998,123.0,14500,28500,26654,10150,500,5750.0,12715.0,42500,280,17750.0,26960,10800.0,448,10930,9500.0,17343.0,12649.0,5581.0,97.0
2021-09-06 00:00:00,11800,405,28241,24250,27418,148,10500.0,160.0,413,394,480,483,9500,25879,122.0,14500,28500,26541,10150,505,4675.0,10365.0,40000,306,15600.0,27339,10800.0,446,10930,9500.0,17343.0,12649.0,5581.0,97.0
2021-09-13 00:00:00,11800,401,28233,24106,27219,132,10500.0,146.0,409,390,480,483,9500,25793,106.0,14500,28500,26413,10150,470,4675.0,10365.0,40000,349,15600.0,27259,10800.0,443,10930,9500.0,17343.0,12649.0,5581.0,97.0
2021-09-20 00:00:00,11800,392,27854,24607,26724,113,10500.0,136.0,405,386,480,498,9500,25523,88.0,14500,28500,26108,10150,475,4675.0,10365.0,40000,407,15600.0,26988,10800.0,439,10930,9500.0,17343.0,12649.0,5581.0,97.0
2021-09-27 00:00:00,11800,388,27166,24138,26251,103,10500.0,135.0,401,386,470,500,9500,25059,78.0,14500,28500,25488,10150,498,4675.0,10365.0,40000,447,15600.0,26703,10800.0,438,10930,9500.0,15503.0,10349.0,4482.0,81.0
2021-10-04 00:00:00,11800,385,26784,23908,25750,116,10500.0,152.0,398,386,470,500,9500,24722,91.0,14500,28500,25050,10150,478,4675.0,10365.0,40000,448,15600.0,26496,10800.0,435,10930,9500.0,15503.0,10349.0,4482.0,81.0
2021-10-11 00:00:00,21250,397,26523,24028,25604,119,19000.0,158.0,410,402,485,508,16350,24681,94.0,26000,40500,24896,17500,500,3585.0,7650.0,38500,449,13300.0,26474,21250.0,449,19510,17000.0,15503.0,10349.0,4482.0,81.0
2021-10-18 00:00:00,21250,427,26086,24275,25157,128,19000.0,180.0,436,432,500,528,16350,24534,114.5,26000,40500,24515,17500,515,3585.0,7650.0,38500,455,13300.0,26537,21250.0,480,19510,17000.0,15503.0,10349.0,4482.0,81.0
2021-10-25 00:00:00,21250,448,26593,24629,25936,122,19000.0,179.0,450,451,510,544,16350,25363,109.5,26000,40500,25359,17500,540,3585.0,7650.0,38500,455,13300.0,27467,21250.0,500,19510,17000.0,15503.0,10349.0,4482.0,81.0
2021-11-01 00:00:00,21250,446,27708,24737,27341,116,19000.0,177.0,450,450,515,550,16350,26648,103.5,26000,40500,26592,17500,545,3585.0,7650.0,38500,456,13300.0,28334,21250.0,501,19510,17000.0,12987.0,7857.0,3460.0,68.0
2021-11-08 00:00:00,22750,441,28831,24893,28389,98,19000.0,161.0,453,446,510,541,16350,27498,85.5,26000,42500,27446,17500,530,3140.0,6125.0,39250,459,10550.0,28778,21250.0,497,19630,17000.0,12987.0,7857.0,3460.0,68.0
2021-11-15 00:00:00,22750,445,29339,25638,28841,92,19000.0,154.0,456,446,510,528,16350,28006,82.5,26000,42500,28100,17500,545,3140.0,6125.0,39250,438,10550.0,29351,21250.0,499,19630,17000.0,12987.0,7857.0,3460.0,68.0
2021-11-22 00:00:00,22750,443,30104,25790,29662,90,19000.0,148.0,458,444,515,528,16350,28584,80.5,26000,42500,29015,17500,540,3140.0,6125.0,39250,392,10550.0,30195,21250.0,498,19630,17000.0,12987.0,7857.0,3460.0,68.0
2021-11-29 00:00:00,22750,438,30914,26133,30376,99,19000.0,146.0,453,438,510,530,16350,29414,89.5,26000,42500,29906,17500,520,3140.0,6125.0,39250,346,10550.0,30842,21250.0,492,19630,17000.0,10753.0,6282.0,3088.0,63.0
2021-12-06 00:00:00,20250,430,31202,26178,30713,100,17000.0,143.0,445,428,510,530,15500,29724,89.5,23500,42500,30184,16500,525,2665.0,5525.0,39250,326,8950.0,31083,19500.0,484,18050,15250.0,10753.0,6282.0,3088.0,63.0
2021-12-13 00:00:00,20250,417,30750,26031,30050,105,17000.0,152.0,431,415,510,528,15500,28958,94.5,23500,42500,29578,16500,515,2665.0,5525.0,39250,337,8950.0,30275,19500.0,471,18050,15250.0,10753.0,6282.0,3088.0,63.0
2021-12-20 00:00:00,20250,414,29870,25299,29447,112,17000.0,159.0,425,410,505,520,15500,28299,101.5,23500,42500,28862,16500,510,2665.0,5525.0,39250,338,8950.0,29555,19500.0,467,18050,15250.0,10753.0,6282.0,3088.0,63.0
2021-12-27 00:00:00,20250,416,29631,24741,28941,124,17000.0,173.0,422,413,505,512,15500,27848,0.0,23500,42500,28419,16500,510,2665.0,5525.0,39250,341,8950.0,29024,19500.0,461,18050,15250.0,9244.0,5901.0,2687.0,55.0
2022-01-03 00:00:00,20250,418,29121,24326,28566,118,17000.0,168.5,424,415,505,500,15500,27215,107.0,23500,42500,27969,16500,510,2665.0,5525.0,39250,346,8950.0,28407,19500.0,463,18050,15250.0,9244.0,5901.0,2687.0,55.0
2022-01-10 00:00:00,20250,419,28826,24255,28615,125,17000.0,170.5,425,416,495,500,15500,26977,114.5,23500,42500,27830,16500,500,2825.0,6575.0,39000,353,9900.0,28802,19500.0,465,18050,15250.0,9244.0,5901.0,2687.0,55.0
2022-01-17 00:00:00,20250,430,29086,25878,28751,128,17000.0,176.5,440,425,500,510,15500,27257,117.5,23500,42500,27934,16500,515,2825.0,6575.0,39000,388,9900.0,28622,19500.0,471,18050,15250.0,9244.0,5901.0,2687.0,55.0
2022-01-24 00:00:00,20250,430,28955,25949,28321,131,17000.0,183.5,435,425,510,518,15500,27140,120.5,23500,42500,27651,16500,520,2825.0,6575.0,39000,415,9900.0,28389,19500.0,470,18050,15250.0,9244.0,5901.0,2687.0,55.0
2022-01-31 00:00:00,20250,429,29396,25683,28816,139,17000.0,190.5,438,425,510,530,15500,27624,128.5,23500,42500,27972,16500,530,2825.0,6575.0,39000,428,9900.0,28807,19500.0,470,18050,15250.0,9728.0,6527.0,2852.0,59.0
2022-02-07 00:00:00,22250,450,30752,26372,30282,145,18750.0,197.5,462,445,535,535,16750,28859,134.5,26000,42500,29440,21800,555,3365.0,8135.0,40500,428,11845.0,30078,24000.0,490,21370,19600.0,9728.0,6527.0,2852.0,59.0
2022-02-14 00:00:00,22250,464,32114,27970,31346,150,18750.0,200.5,474,458,545,555,16750,29977,144.5,26000,42500,30598,21800,570,3365.0,8135.0,40500,422,11845.0,31458,24000.0,503,21370,19600.0,9728.0,6527.0,2852.0,59.0
2022-02-21 00:00:00,22250,466,32898,28335,32085,138,18750.0,187.5,477,460,560,560,16750,30930,132.5,26000,42500,31407,21800,585,3365.0,8135.0,40500,418,11845.0,32417,24000.0,506,21370,19600.0,9728.0,6527.0,2852.0,59.0
2022-02-28 00:00:00,22250,469,33913,28968,33041,137,18750.0,185.5,477,460,610,568,16750,31875,131.5,26000,42500,32437,21800,585,3365.0,8135.0,40500,427,11845.0,33208,24000.0,509,21370,19600.0,11355.0,7823.0,3405.0,67.0
2022-03-07 00:00:00,22250,524,35186,31048,34263,147,18750.0,197.5,534,497,710,575,16750,32402,144.5,26000,42500,32619,21800,680,4375.0,9660.0,39500,456,13800.0,34466,24000.0,567,21370,19600.0,11355.0,7823.0,3405.0,67.0
2022-03-14 00:00:00,22250,604,32835,31137,32912,159,18750.0,214.0,610,578,860,598,16750,31181,156.0,26000,42500,30755,21800,761,4375.0,9660.0,39500,577,13800.0,33349,24000.0,648,21370,19600.0,11355.0,7823.0,3405.0,67.0
2022-03-21 00:00:00,22250,614,29971,27892,29736,145,18750.0,201.0,619,588,960,640,16750,28228,142.0,26000,42500,28469,21800,761,4375.0,9660.0,39500,597,13800.0,30238,24000.0,658,21370,19600.0,11355.0,7823.0,3405.0,67.0
2022-03-28 00:00:00,22250,610,27675,27476,27559,147,18750.0,200.0,612,587,960,658,16750,26485,144.0,26000,42500,26492,21800,780,4375.0,9660.0,39500,536,13800.0,28568,24000.0,657,21370,19600.0,13189.0,9164.0,4181.0,79.0
2022-04-04 00:00:00,22250,605,26916,26778,26627,156,18750.0,205.0,610,584,960,650,16750,25185,153.0,26000,42500,25648,21800,768,4375.0,9660.0,39500,489,13800.0,27411,24000.0,654,21370,19600.0,13189.0,9164.0,4181.0,79.0
2022-04-11 00:00:00,21400,603,26208,25966,25989,158,18000.0,203.0,611,583,960,637,14500,24659,155.0,24000,40500,24910,21125,681,3700.0,6950.0,46000,419,11050.0,27074,24000.0,653,20160,18250.0,13189.0,9164.0,4181.0,79.0
2022-04-18 00:00:00,21400,595,26943,26986,26719,152,18000.0,197.5,604,575,940,622,14500,25352,150.0,24000,40500,25607,21125,680,3700.0,6950.0,46000,485,11050.0,27984,24000.0,645,20160,18250.0,13189.0,9164.0,4181.0,79.0
2022-04-25 00:00:00,21400,566,29731,28925,28891,151,18000.0,194.5,577,547,930,610,14500,28254,129.5,24000,40500,28030,21125,650,3700.0,6950.0,46000,502,11050.0,30202,24000.0,617,20160,18250.0,13189.0,9164.0,4181.0,79.0
2022-05-02 00:00:00,21400,512,31615,29737,30427,140,18000.0,179.5,512,492,910,585,14500,31376,118.5,24000,40500,29767,21125,610,3700.0,6950.0,46000,500,11050.0,32061,24000.0,562,20160,18250.0,10929.0,7233.0,3605.0,68.0
2022-05-09 00:00:00,21400,487,32249,29951,31017,143,18000.0,182.5,488,467,850,550,14000,31982,121.5,24000,40500,30523,19250,560,3650.0,7000.0,42000,494,10900.0,32880,24000.0,537,19180,14500.0,10929.0,7233.0,3605.0,68.0
2022-05-16 00:00:00,21400,445,31462,28736,30791,130,18000.0,165.5,443,425,850,525,14000,31548,108.5,24000,40500,30082,19250,450,3650.0,7000.0,42000,493,10900.0,32910,24000.0,495,19180,14500.0,10929.0,7233.0,3605.0,68.0
2022-05-23 00:00:00,21400,417,29099,26720,28480,131,18000.0,166.5,418,415,770,510,14000,29528,109.5,24000,40500,27356,19250,468,3650.0,7000.0,42000,495,10900.0,30626,24000.0,469,19180,14500.0,10929.0,7233.0,3605.0,68.0
2022-05-30 00:00:00,21400,412,23603,23317,21615,133,18000.0,169.5,415,411,700,500,14000,23798,111.5,24000,40500,21574,19250,447,3650.0,7000.0,42000,464,10900.0,25964,24000.0,461,19180,14500.0,10809.0,7110.0,3864.0,69.0
2022-06-06 00:00:00,14000,396,21843,19757,20122,139,9500.0,175.5,391,390,660,497,8000,18829,116.5,20000,25000,19499,15125,430,2825.0,4775.0,33000,418,6025.0,23137,19500.0,440,14100,10750.0,10809.0,7110.0,3864.0,69.0
2022-06-13 00:00:00,14000,381,20112,17185,18736,145,9500.0,179.5,381,374,640,490,8000,18445,122.5,20000,25000,17655,15125,463,2825.0,4775.0,33000,393,6025.0,21258,19500.0,424,14100,10750.0,10809.0,7110.0,3864.0,69.0
2022-06-20 00:00:00,14000,339,18343,16334,18221,131,9500.0,164.5,340,333,590,453,8000,17335,108.5,20000,25000,16963,15125,400,2825.0,4775.0,33000,392,6025.0,20827,19500.0,378,14100,10750.0,10809.0,7110.0,3864.0,69.0
2022-06-27 00:00:00,14000,297,18306,15790,17846,114,9500.0,146.5,309,292,560,403,8000,17107,91.5,20000,25000,16514,15125,365,2825.0,4775.0,33000,371,6025.0,20230,19500.0,337,14100,10750.0,6778.0,4950.0,2760.0,56.0
2022-07-04 00:00:00,14000,303,18054,16063,17223,121,9500.0,149.5,311,298,540,378,8000,17134,98.5,20000,25000,16006,15125,360,2825.0,4775.0,33000,331,6025.0,19477,19500.0,343,14100,10750.0,6778.0,4950.0,2760.0,56.0
2022-07-11 00:00:00,8900,356,18268,15297,17148,113,7500.0,139.5,366,353,520,383,6500,16544,90.5,11000,18000,15790,8750,390,2025.0,3325.0,29900,302,4825.0,19166,11000.0,398,8640,6500.0,6778.0,4950.0,2760.0,56.0
2022-07-18 00:00:00,8900,370,20207,16673,18308,103,7500.0,129.5,371,364,460,395,6500,17103,80.5,11000,18000,16212,8750,410,2025.0,3325.0,29900,272,4825.0,19955,11000.0,409,8640,6500.0,6778.0,4950.0,2760.0,56.0
2022-07-25 00:00:00,8900,348,21962,16962,20147,98,7500.0,124.5,349,342,460,390,6500,18040,75.5,11000,18000,17776,8750,410,2025.0,3325.0,29900,257,4825.0,20489,11000.0,387,8640,6500.0,6778.0,4950.0,2760.0,56.0
2022-08-01 00:00:00,8900,317,23751,17547,21835,112,7500.0,127.5,319,310,460,380,6500,19731,79.5,11000,18000,19730,8750,400,2025.0,3325.0,29900,227,4825.0,22020,11000.0,355,8640,6500.0,4602.0,3405.0,1984.0,41.0
2022-08-08 00:00:00,7750,321,25568,21195,23534,109,6500.0,123.5,325,315,455,370,5750,22180,76.5,10500,14500,21650,7950,390,2000.0,3350.0,23250,220,4575.0,24183,10500.0,360,7860,5400.0,4602.0,3405.0,1984.0,41.0
2022-08-15 00:00:00,7750,357,26015,21461,23841,109,6500.0,123.5,362,350,455,385,5750,22858,76.5,10500,14500,22016,7950,390,2000.0,3350.0,23250,238,4575.0,24832,10500.0,395,7860,5400.0,4602.0,3405.0,1984.0,41.0
2022-08-22 00:00:00,7750,361,25881,21510,24239,102,6500.0,116.5,366,353,450,395,5750,22884,69.5,10500,14500,22324,7950,380,2000.0,3350.0,23250,264,4575.0,24946,10500.0,398,7860,5400.0,4602.0,3405.0,1984.0,41.0
2022-08-29 00:00:00,7750,363,25793,21069,24231,103,6500.0,116.5,370,356,430,420,5750,22530,70.5,10500,14500,22250,7950,368,2000.0,3350.0,23250,270,4575.0,24924,10500.0,401,7860,5400.0,4507.0,3470.0,1950.0,39.0
2022-09-05 00:00:00,7750,359,24677,20920,23357,98,6250.0,108.5,368,351,440,440,5750,22383,65.5,10500,14500,21498,7950,370,2025.0,3800.0,23350,270,5050.0,24665,10500.0,396,7840,5400.0,4507.0,3470.0,1950.0,39.0
2022-09-12 00:00:00,7750,339,24588,21739,22647,99,6250.0,108.5,342,328,440,415,5750,21766,66.5,10500,14500,21004,7950,360,2025.0,3800.0,23350,272,5050.0,24300,10500.0,373,7840,5400.0,4507.0,3470.0,1950.0,39.0
2022-09-19 00:00:00,7750,316,24568,21481,22518,101,6250.0,110.5,322,305,445,390,5750,21340,68.5,10500,14500,20865,7950,355,2025.0,3800.0,23350,267,5050.0,24178,10500.0,350,7840,5400.0,4507.0,3470.0,1950.0,39.0
2022-09-26 00:00:00,7750,316,24349,21353,22726,98,6250.0,110.5,322,292,460,385,5750,21207,65.5,10500,14500,20763,7950,355,2025.0,3800.0,23350,264,5050.0,24155,10500.0,351,7840,5400.0,5035.0,3889.0,2216.0,47.0
2022-10-03 00:00:00,7750,333,24524,20719,22719,96,6250.0,108.5,338,309,490,395,5750,21294,63.5,10500,14500,20652,7950,365,2025.0,3800.0,23350,273,5050.0,24239,10500.0,368,7840,5400.0,5035.0,3889.0,2216.0,47.0
2022-10-10 00:00:00,8000,334,24418,21040,22662,96,6500.0,108.5,340,311,500,405,6250,21285,63.5,9850,14500,20551,7450,395,2600.0,3990.0,22000,278,5050.0,24246,9500.0,370,7620,5400.0,5035.0,3889.0,2216.0,47.0
2022-10-17 00:00:00,8000,332,24277,21198,22585,97,6500.0,109.5,336,312,500,405,6250,21123,87.0,9850,14500,20338,7450,395,2600.0,3990.0,22000,285,5050.0,24176,9500.0,371,7620,5400.0,5035.0,3889.0,2216.0,47.0
2022-10-24 00:00:00,8000,325,24351,21680,22558,93,6500.0,103.5,328,306,500,405,6250,21143,82.0,9850,14500,20665,7450,395,2600.0,3990.0,22000,293,5050.0,24203,9500.0,365,7620,5400.0,5035.0,3889.0,2216.0,47.0
2022-10-31 00:00:00,8000,318,23600,22246,22220,85,6500.0,94.5,323,300,490,405,6250,20740,74.0,9850,14500,20021,7450,379,2600.0,3990.0,22000,300,5050.0,23860,9500.0,359,7620,5400.0,5002.0,4202.0,2554.0,57.0
2022-11-07 00:00:00,8100,313,22248,21998,21481,83,6650.0,92.0,320,265,490,394,6250,20630,72.0,10350,15000,18986,7450,370,2600.0,3975.0,22500,306,5100.0,22976,9500.0,354,7720,5400.0,5002.0,4202.0,2554.0,57.0
2022-11-14 00:00:00,8100,307,21319,20982,20399,89,6650.0,96.0,313,257,460,378,6250,18825,77.0,10350,15000,18023,7450,345,2600.0,3975.0,22500,305,5100.0,21898,9500.0,346,7720,5400.0,5002.0,4202.0,2554.0,57.0
2022-11-21 00:00:00,8100,301,21096,21124,19835,97,6650.0,104.0,306,259,450,368,6250,18403,85.0,10350,15000,17733,7450,335,2600.0,3975.0,22500,280,5100.0,21532,9500.0,338,7720,5400.0,5002.0,4202.0,2554.0,57.0
2022-11-28 00:00:00,8100,312,20975,19842,19843,96,6650.0,104.0,313,271,450,350,6250,18069,84.0,10350,15000,17629,7450,361,2600.0,3975.0,22500,259,5100.0,21227,9500.0,347,7720,5400.0,5022.0,4221.0,2550.0,53.0
2022-12-05 00:00:00,8100,336,20253,18801,19746,102,7000.0,110.0,340,297,450,350,6350,17981,90.0,9850,15000,17000,7725,350,2600.0,3975.0,21000,259,5100.0,20770,9250.0,370,7810,6200.0,5022.0,4221.0,2550.0,53.0
2022-12-12 00:00:00,8100,352,20174,17332,19435,110,7000.0,116.0,354,311,425,366,6350,17668,98.0,9850,15000,16939,7725,355,2600.0,3975.0,21000,264,5100.0,20444,9250.0,384,7810,6200.0,5022.0,4221.0,2550.0,53.0
2022-12-19 00:00:00,8100,356,19973,17727,19341,111,7000.0,116.0,358,312,445,405,6350,17384,99.0,9850,15000,16962,7725,355,2600.0,3975.0,21000,266,5100.0,20072,9250.0,387,7810,6200.0,5022.0,4221.0,2550.0,53.0
2022-12-26 00:00:00,8100,355,19988,18031,19386,112,7000.0,115.0,356,311,455,400,6350,17035,100.0,9850,15000,16999,7725,359,2600.0,3975.0,21000,279,5100.0,19730,9250.0,386,7810,6200.0,5042.0,4160.0,2584.0,53.0
2023-01-02 00:00:00,8100,368,20090,17705,19412,116,7000.0,119.0,367,320,455,402,6350,17009,104.0,9850,15000,17045,7725,370,2600.0,3975.0,21000,292,5100.0,19743,9250.0,395,7810,6200.0,5042.0,4160.0,2584.0,53.0
2023-01-09 00:00:00,8500,383,20700,20344,19581,118,7500.0,120.0,387,338,460,402,6750,16537,106.0,11000,14400,17360,8850,377,2600.0,4150.0,22500,303,5100.0,20566,10200.0,413,8690,7500.0,5042.0,4160.0,2584.0,53.0
2023-01-16 00:00:00,8500,388,21951,19028,20288,123,7500.0,127.5,395,347,470,425,6750,18012,111.0,11000,14400,18415,8850,405,2600.0,4150.0,22500,306,5100.0,20764,10200.0,417,8690,7500.0,5042.0,4160.0,2584.0,53.0
2023-01-23 00:00:00,8500,377,23307,18750,21626,123,7500.0,131.5,385,336,471,440,6750,19384,111.0,11000,14400,19702,8850,400,2600.0,4150.0,22500,315,5100.0,21449,10200.0,406,8690,7500.0,5042.0,4160.0,2584.0,53.0
2023-01-30 00:00:00,8500,384,24553,21524,23110,127,7500.0,136.0,393,343,485,435,6750,20519,116.5,11000,14400,21036,8850,400,2600.0,4200.0,22500,322,5100.0,22424,10200.0,413,8690,7500.0,5043.0,4382.0,2577.0,50.0
2023-02-06 00:00:00,9500,395,25587,22311,23784,127,7500.0,136.0,404,359,485,435,7750,21336,116.5,11250,17500,21794,8850,410,2950.0,4787.5,24000,335,5625.0,23780,10200.0,424,9010,7500.0,5043.0,4382.0,2577.0,50.0
2023-02-13 00:00:00,9500,399,25741,23774,24100,124,7500.0,136.5,409,363,500,446,7750,22626,113.5,11250,17500,22058,8850,415,2950.0,4787.5,24000,352,5625.0,24807,10200.0,428,9010,7500.0,5043.0,4382.0,2577.0,50.0
2023-02-20 00:00:00,9500,390,25837,24060,24184,124,7500.0,137.5,400,354,505,443,7750,23297,113.5,11250,17500,22134,8850,423,2950.0,4787.5,24000,367,5625.0,25635,10200.0,419,9010,7500.0,5043.0,4382.0,2577.0,50.0
2023-02-27 00:00:00,9500,411,25814,24275,24047,130,7500.0,143.0,422,375,510,443,7750,23404,119.5,11250,17500,22039,8850,423,2950.0,4787.5,24000,362,5625.0,26010,10200.0,440,9010,7500.0,5547.0,4898.0,2921.0,56.0
2023-03-06 00:00:00,10000,422,25821,25347,24055,126,7500.0,139.0,430,387,520,448,8000,24078,115.5,11250,18750,22056,8850,430,3125.0,5037.5,25500,348,6350.0,26555,10200.0,452,9090,7500.0,5547.0,4898.0,2921.0,56.0
2023-03-13 00:00:00,10000,426,26750,25313,25021,128,7500.0,141.0,434,393,530,453,8000,24550,117.5,11250,18750,23004,8850,452,3125.0,5037.5,25500,354,6350.0,27052,10200.0,458,9090,7500.0,5547.0,4898.0,2921.0,56.0
