dt,Price,year,month,quarter,day_of_week,day_of_month,rolling_std,normalized_price,log_normalized_price
2015-03-30,-0.012109703759811463,2015,3,1,0,30,1556.4139045974384,17.476071062880408,2.8608325773993246
2015-04-06,-0.01580572105682654,2015,4,2,0,6,1546.329965963399,17.20202064598004,2.845026856342498
2015-04-13,-0.07190174312277353,2015,4,2,0,13,1605.3886530285215,16.00858455771296,2.7731251132197245
2015-04-20,-0.1721486102475196,2015,4,2,0,20,1840.1869140899469,13.476891836427761,2.600976502972205
2015-04-27,-0.07732536745195118,2015,4,2,0,27,1980.1094245857562,12.474058096646504,2.5236511355202538
2015-05-04,-0.04886477553128943,2015,5,2,0,4,2045.5976380925197,11.879168976094087,2.4747863599889643
2015-05-11,-0.021067758785427326,2015,5,2,0,11,2054.7616539505134,11.631519380386298,2.453718601203537
2015-05-18,0.021927742808283135,2015,5,2,0,18,2018.6066301468245,11.889389265631385,2.47564634401182
2015-05-25,0.03288541687097046,2015,5,2,0,25,1928.8872596930203,12.286876737301807,2.5085317608827906
2015-06-01,0.08146188179618674,2015,6,2,0,1,1762.9821498262672,13.329686861727899,2.5899936426789774
2015-06-08,0.19086422433892514,2015,6,2,0,8,1475.2503639598337,16.13285485733864,2.7808578670179025
2015-06-15,0.24236042816811665,2015,6,2,0,15,1186.9237038613155,20.557344941904525,3.023218295186019
2015-06-22,0.2956226441530245,2015,6,2,0,22,904.8689843219639,27.628309106796262,3.3188409393390437
2015-06-29,0.288267310132448,2015,6,2,0,29,686.3937380515262,36.859310622237615,3.6071082494714917
2015-07-06,0.05576235716778344,2015,7,3,0,6,654.2981435141354,38.97305876957467,3.662870606639275
2015-07-13,-0.09606205909561227,2015,7,3,0,13,720.2693099028047,35.40342431560918,3.566808547543663
2015-07-20,-0.06766485633229147,2015,7,3,0,20,767.670620655868,33.087107043772534,3.4991436912113714
2015-07-27,-0.03328179621935634,2015,7,3,0,27,787.4007874011709,32.00403200404842,3.465861894992015
2015-08-03,0.02465964238703222,2015,8,3,0,3,762.1242243449011,32.80305126305261,3.4905215373790472
2015-08-10,0.030302025737039884,2015,8,3,0,10,730.5041845440362,33.812263533325506,3.520823563116087
2015-08-17,0.08330377114470489,2015,8,3,0,17,663.9528095680573,36.74959974320121,3.604127334260792
2015-08-24,0.13529368991813673,2015,8,3,0,24,572.8054299725557,42.07362350101095,3.7394210241789287
2015-08-31,0.08307595391895006,2015,8,3,0,31,527.1420945805522,45.71822331733232,3.822496978097879
2015-09-07,-0.11309784960963132,2015,9,3,0,7,585.3644293527741,40.829266011988054,3.7093991284882475
2015-09-14,-0.02989713091493007,2015,9,3,0,14,610.7000454024289,39.626654987479306,3.6795019975733174
2015-09-21,0.00561746282537845,2015,9,3,0,21,607.2790781739985,39.849882648297296,3.685119460398696
2015-09-28,0.04189972136103659,2015,9,3,0,28,577.5470596069107,41.55505529945014,3.7270191817597325
2015-10-05,0.11647881036318486,2015,10,4,0,5,514.0451577851953,46.68850515664017,3.8434979921229173
2015-10-12,0.14008111410756818,2015,10,4,0,12,443.1293675255773,53.70892056398467,3.9835791062304855
2015-10-19,0.20389130312394244,2015,10,4,0,19,361.39460511474533,65.85599138217167,4.187470409354428
2015-10-26,0.3644020834728563,2015,10,4,0,26,255.2479483786258,94.80977282568624,4.551872492827284
2015-11-02,0.1727114948269861,2015,11,4,0,2,217.4229226018035,112.68361084847626,4.72458398765427
2015-11-09,-0.062440148763537096,2015,11,4,0,9,231.4316444667597,105.86279182542347,4.662143838890733
2015-11-16,-0.04195461339494955,2015,11,4,0,16,235.92981750482784,101.5132392051713,4.620189225495784
2015-11-23,-0.09056309500790771,2015,11,4,0,23,256.13680056962346,92.72388796604899,4.529626130487876
2015-11-30,-0.4179735126980413,2015,11,4,0,30,378.3937343321115,61.04752247225483,4.111652617789835
2015-12-07,-0.30283315909291275,2015,12,4,0,7,505.5749802017923,45.09716835848906,3.808819458696922
2015-12-14,-0.4024773674609272,2015,12,4,0,14,729.5702346400299,30.154738989392577,3.4063420912359947
2015-12-21,-0.2463869923019555,2015,12,4,0,21,920.679920032741,23.569537607845632,3.1599550989340393
2015-12-28,-0.19812100031377788,2015,12,4,0,28,1101.7204177048982,19.33339861702129,2.9618340986202614
2016-01-04,-0.10578381663765857,2016,1,1,0,4,1224.6520841744002,17.39269485207254,2.856050281982603
2016-01-11,-0.06002116408170943,2016,1,1,0,11,1300.407861426783,16.379476494882184,2.7960291179008934
2016-01-18,-0.011380963475175587,2016,1,1,0,18,1309.1172135404265,16.194119045051675,2.784648154425718
2016-01-25,0.045239078706615476,2016,1,1,0,25,1239.4096835333887,16.94355004564096,2.8298872331323333
2016-02-01,0.13490459000116095,2016,2,1,0,1,1082.9952852523224,19.390666133054587,2.964791823133494
2016-02-08,0.1493289951999035,2016,2,1,0,8,932.7683625540648,22.513628080715275,3.1141208183333977
2016-02-15,0.28441267159105443,2016,2,1,0,15,708.5516597577265,29.92018959810054,3.398533489924452
2016-02-22,0.31554894625756313,2016,2,1,0,22,531.4360191257435,41.02093048917312,3.7140824361820153
2016-02-29,0.18283605944676884,2016,2,1,0,29,455.83340258154215,49.25044955647807,3.896918495628784
2016-03-07,-0.38311534048521745,2016,3,1,0,7,693.9538671244246,33.575718940150175,3.5138031551435667
2016-03-14,-0.2958266637965532,2016,3,1,0,14,952.8565506205947,24.977526768850023,3.2179764913470135
2016-03-21,-0.33981829131783314,2016,3,1,0,21,1434.0753012645246,17.781493048178756,2.8781582000291803
2016-03-28,-0.25166574604847547,2016,3,1,0,28,1931.2570486288841,13.82519225959897,2.626492453980705
2016-04-04,-0.2673629944510645,2016,4,2,0,4,2825.6234227640243,10.581735612437635,2.3591294595296404
2016-04-11,-0.16410220451697244,2016,4,2,0,11,3335.0980177318233,8.980245810097294,2.195027255012668
2016-04-18,-0.08714868447764346,2016,4,2,0,18,3827.1062729224514,8.230761769765541,2.1078785705350245
2016-04-25,-0.05993696255203451,2016,4,2,0,25,4115.105212396259,7.751928165507188,2.04794160798299
2016-05-02,-0.07350688264805316,2016,5,2,0,2,5595.242838719547,7.202547085377714,1.9744347253349368
2016-05-09,-0.1349599168197888,2016,5,2,0,9,6912.18730456093,6.293232240870702,1.839474808515148
2016-05-16,-0.09535306301941393,2016,5,2,0,16,7577.512334652986,5.72087488419578,1.744121745495734
2016-05-23,-0.03561131448484467,2016,5,2,0,23,7779.76566407233,5.5207318387939415,1.7085104310108894
2016-05-30,0.002096312228733188,2016,5,2,0,30,7591.755645954286,5.532317155437185,1.7106067432396226
2016-06-06,0.004176355139367649,2016,6,2,0,6,6894.105683975129,5.555470391036462,1.7147830983789902
2016-06-13,0.09422692307157687,2016,6,2,0,13,6143.108666701991,6.104401213552417,1.809010021450567
2016-06-20,0.12567199332991286,2016,6,2,0,20,5316.503393522227,6.921842661633232,1.93468201478048
2016-06-27,0.05658411870973512,2016,6,2,0,27,4832.895095075005,7.324802070724567,1.991266133490215
2016-07-04,0.08344305179500844,2016,7,3,0,4,4320.397358268494,7.9622305883889,2.0747091852852235
2016-07-11,0.027145901804841,2016,7,3,0,11,4082.464347855987,8.181332928857268,2.1018550870900645
2016-07-18,-0.006800445485545037,2016,7,3,0,18,3999.5643702177376,8.125884969374974,2.0950546416045195
2016-07-25,-0.09677276776944033,2016,7,3,0,25,4338.176198274197,7.376371668059532,1.9982818738350792
2016-08-01,-0.025928405735487825,2016,8,3,0,1,4313.000080798715,7.187572320717225,1.9723534680995913
2016-08-08,0.020259013511432,2016,8,3,0,8,4117.4310724484085,7.334670445871418,1.9926124816110233
2016-08-15,0.0557388143520412,2016,8,3,0,15,3765.261872658655,7.75510468794614,2.0483512959630645
2016-08-22,0.1430206302457684,2016,8,3,0,22,3224.371561978697,8.94747998034558,2.191371926208833
2016-08-29,0.0482635963926743,2016,8,3,0,29,3056.4728880118473,9.389908254238948,2.2396355226015072
2016-09-05,0.07662266442052257,2016,9,3,0,5,2811.296880714507,10.137669982672397,2.31625818702203
2016-09-12,0.23184424974087392,2016,9,3,0,12,2346.8991469725693,12.782824536239282,2.5481024367629037
2016-09-19,0.24203744122513893,2016,9,3,0,19,1965.2039372928914,16.283297317265024,2.7901398779880426
2016-09-26,0.14980294377963288,2016,9,3,0,26,1718.2344268040126,18.914764768420657,2.9399428217676755
2016-10-03,0.03244025916925919,2016,10,4,0,3,1704.333825246321,19.538425809971397,2.9723830809369347
2016-10-10,-0.09868855072941596,2016,10,4,0,10,1937.6014147456158,17.70229921333082,2.8736945302075187
2016-10-17,-0.090314936608626,2016,10,4,0,17,2083.6439162431134,16.173588844663218,2.7833795935988928
2016-10-24,-0.058654062566769305,2016,10,4,0,24,2111.167097875363,15.252227089179934,2.7247255310321234
2016-10-31,-0.05412988137589769,2016,10,4,0,31,2104.014020865823,14.448572917536971,2.6705956496562258
2016-11-07,0.02473692345235934,2016,11,4,0,7,2039.1016664356325,14.810443489455757,2.695332573108585
2016-11-14,0.028574871671247948,2016,11,4,0,14,1955.4120700344292,15.239754554381628,2.723907444779833
2016-11-21,0.1649061610498781,2016,11,4,0,21,1864.0132656570397,17.9719751019002,2.888813605829711
2016-11-28,0.1356807674432159,2016,11,4,0,28,1627.5097169565058,20.583594463967962,3.024494373272927
2016-12-05,0.06569635179595235,2016,12,4,0,5,1524.0247751107856,21.981269955119195,3.0901907250688794
2016-12-12,-0.016127065867170387,2016,12,4,0,12,1548.8020786362097,21.629619731333435,3.074063659201709
2016-12-19,-0.018735013602877437,2016,12,4,0,19,1554.5388091298569,21.228160922191154,3.0553286455988315
2016-12-26,-0.004365439853179609,2016,12,4,0,26,1537.683223869488,21.13569264169748,3.050963205745652
2017-01-02,0.07140527406490627,2017,1,1,0,2,1486.7788549869579,22.700080705880133,3.122368479810558
2017-01-09,-0.0025850891861121106,2017,1,1,0,9,1490.6272830488722,22.641474756163753,3.119783390624446
2017-01-16,-0.027377580436642734,2017,1,1,0,16,1532.0008208716729,22.030014305603984,3.0924058101878034
2017-01-23,0.09400204687902614,2017,1,1,0,23,1394.5510844973335,24.201336455283172,3.1864078570668295
2017-01-30,0.20404308262480075,2017,1,1,0,30,1111.8848316205404,29.679332842326343,3.3904509396916302
2017-02-06,0.8853109782204238,2017,2,1,0,6,453.18736509168644,71.93492694440972,4.275761917912054
2017-02-13,-0.28468186491715786,2017,2,1,0,13,591.3518155015075,54.11330304763125,3.991080052994896
2017-02-20,-0.3240816056430771,2017,2,1,0,20,799.8105836364823,39.13426583790494,3.666998447351819
2017-02-27,-0.3558967426641302,2017,2,1,0,27,1105.2217657624713,27.41531241840556,3.311101704687689
2017-03-06,-0.11939513039222094,2017,3,1,0,6,1253.6008740883665,24.32991283783203,3.191706574295468
2017-03-13,-0.06417012091682306,2017,3,1,0,13,1345.4468672999467,22.817697782156944,3.127536453378645
2017-03-20,-0.06560413880444971,2017,3,1,0,20,1431.993736231423,21.368808553960577,3.0619323145741952
2017-03-27,0.0006100640393333912,2017,3,1,0,27,1421.76666670218,21.3818488729332,3.0625423786135286
2017-04-03,-0.01059530794039576,2017,4,2,0,3,1408.5507273489054,21.156497541333053,3.051947070673133
2017-04-10,0.039756069890867884,2017,4,2,0,10,1340.02346202888,22.014539921066113,3.0917031405640008
2017-04-17,-0.04448256735509082,2017,4,2,0,17,1339.2388159176842,21.056737353208035,3.04722057320891
2017-04-24,-0.09343048093837014,2017,4,2,0,24,1433.8969998087766,19.178504455806365,2.95379009227054
2017-05-01,-0.15199143856803987,2017,5,2,0,1,1608.570794214546,16.474251612245496,2.8017986537025
2017-05-08,-0.07971436320701608,2017,5,2,0,8,1728.8987561713773,15.211995442833791,2.722084290495484
2017-05-15,-0.04249510450673366,2017,5,2,0,15,1803.9518907782603,14.579102765680554,2.67958918598875
2017-05-22,-0.054159894720296364,2017,5,2,0,22,1897.10704798522,13.810501641341284,2.625429291268454
2017-05-29,-0.005786686132859042,2017,5,2,0,29,1904.4753910595878,13.730815385044695,2.6196426051355948
2017-06-05,0.052298346321221434,2017,6,2,0,5,1807.4341431483049,14.468023689344637,2.671940951456816
2017-06-12,0.10433190894086364,2017,6,2,0,12,1628.36481468283,16.05905492688593,2.77627286039768
2017-06-19,0.1928097962905424,2017,6,2,0,19,1353.0828996530195,19.474047012756657,2.9690826566882222
2017-06-26,0.2574685784158608,2017,6,2,0,26,1053.8799166830997,25.19262354250133,3.226551235104083
2017-07-03,0.5153311490295338,2017,7,3,0,3,631.856331963629,42.177309384839766,3.741882384133617
2017-07-10,0.12418734766086104,2017,7,3,0,10,586.3342722270182,47.75432944359578,3.866069731794478
2017-07-17,-0.33107676692074994,2017,7,3,0,17,839.7781092213452,34.29477344521851,3.534992964873728
2017-07-24,-0.29045552820655196,2017,7,3,0,24,1146.2058623074547,25.649842638925392,3.244537436667176
2017-07-31,-0.1481972208885849,2017,7,3,0,31,1329.3026196263747,22.116860048213415,3.096340215778591
2017-08-07,-0.18013663973858307,2017,8,3,0,7,1672.8898965743927,18.471030319015313,2.916203576040008
2017-08-14,-0.27495933937980555,2017,8,3,0,14,2416.1389183421,14.030650200883901,2.6412442366602025
2017-08-21,-0.21803599954099306,2017,8,3,0,21,3182.060867368254,11.281996635624179,2.4232082371192094
2017-08-28,-0.13847130329581336,2017,8,3,0,28,3746.270873087726,9.823101758167569,2.284736933823396
2017-09-04,-0.08936317493910817,2017,9,3,0,4,4296.834194021116,8.983358039207205,2.195373758884288
2017-09-11,-0.06300334875166724,2017,9,3,0,11,4694.814999420941,8.434837156498023,2.1323704101326206
2017-09-18,-0.026580985624136133,2017,9,3,0,18,4723.881541506069,8.213584455724893,2.1057894245084845
2017-09-25,0.04361159770792522,2017,9,3,0,25,4522.293263780698,8.579717797328932,2.1494010222164097
2017-10-02,0.044445898518977955,2017,10,4,0,2,4180.764030507793,8.96965237127848,2.1938469207353877
2017-10-09,0.09621292715176644,2017,10,4,0,9,3746.6348537417675,9.875528692914408,2.290059847887154
2017-10-16,0.12209567002549093,2017,10,4,0,16,3208.4641846594254,11.157986481871895,2.412155517912645
2017-10-23,0.16774069744101316,2017,10,4,0,23,2561.4271590090016,13.195768570314131,2.579896215353658
2017-10-30,-0.02457481129951189,2017,10,4,0,30,2446.518862681091,12.875437210191702,2.5553214040541463
2017-11-06,-0.25807388136121023,2017,11,4,0,6,3016.0555215530685,9.946766492067756,2.297247522692936
2017-11-13,0.021333979400859793,2017,11,4,0,13,3198.425275416653,10.161250365858956,2.318581502093796
2017-11-20,-0.03903630880587006,2017,11,4,0,20,3325.7489473208766,9.772234920552565,2.279545193287926
2017-11-27,-0.013238788275906188,2017,11,4,0,27,3318.2233289225624,9.64371497273226,2.2663064050120196
2017-12-04,0.04870106304614552,2017,12,4,0,4,3111.1115620490104,10.124998532438925,2.315007468058165
2017-12-11,0.09651952598132629,2017,12,4,0,11,2842.800582438917,11.150975624468071,2.4115269940394914
2017-12-18,0.17813169500993364,2017,12,4,0,18,2386.451657828295,13.325222782404255,2.589658689049425
2017-12-25,0.24948741543871034,2017,12,4,0,25,2023.2549533018603,17.101156699769533,2.8391461044881354
2018-01-01,0.1498870924451694,2018,1,1,0,1,1791.9643868214214,19.86646624330918,2.989033196933305
2018-01-08,0.01689098554299262,2018,1,1,0,8,1761.9505376058678,20.204880466379695,3.0059241824762974
2018-01-15,-0.08981886197085087,2018,1,1,0,15,1927.5317864768645,18.469215527215532,2.9161053205054466
2018-01-22,-0.03853324172835304,2018,1,1,0,22,1986.374037834192,17.771073990923046,2.8775720787770935
2018-01-29,0.11499101928969413,2018,1,1,0,29,1730.4754995507267,19.936716820872086,2.9925630980667877
2018-02-05,-0.003012540194897717,2018,2,1,0,5,1695.4484523409535,19.87674703614224,2.98955055787189
2018-02-12,0.03378579948325289,2018,2,1,0,12,1653.7148264657371,20.55977212991652,3.023336357355143
2018-02-19,0.06127220621771157,2018,2,1,0,19,1550.8550916031404,21.858908793959014,3.0846085635728544
2018-02-26,0.06037704888997908,2018,2,1,0,26,1408.3086782851265,23.21934140164373,3.1449856124628335
2018-03-05,0.11872088062314079,2018,3,1,0,5,1258.3057392117369,26.146268728465103,3.2637064930859743
2018-03-12,0.184814675773743,2018,3,1,0,12,1058.6941642104157,31.453842975355833,3.4485211688597173
2018-03-19,-0.004369900275520422,2018,3,1,0,19,1072.9102309309123,31.316692703029688,3.444151268584197
2018-03-26,0.10323624942905196,2018,3,1,0,26,1002.2323567763912,34.72248702080595,3.547387518013249
2018-04-02,-0.033734795228177905,2018,4,2,0,2,1075.3434969178447,33.57066844545023,3.513652722785071
2018-04-09,-0.06025815529888101,2018,4,2,0,9,1142.1338349639936,31.60750421261977,3.45339456748619
2018-04-16,-0.058412926220360095,2018,4,2,0,16,1204.128000847129,29.81410612056493,3.39498164126583
2018-04-23,-0.06954350837213763,2018,4,2,0,23,1290.847736484725,27.811180966830335,3.325438132893692
2018-04-30,-0.05860774834816418,2018,4,2,0,30,1387.8258558120538,26.228074543762837,3.266830384545528
2018-05-07,-0.1366732062429339,2018,5,2,0,7,1656.6441069129914,22.87757511818472,3.130157178302594
2018-05-14,-0.08465812125759031,2018,5,2,0,14,1793.4856868931934,21.020519023659837,3.045499057045004
2018-05-21,0.034283943411191675,2018,5,2,0,21,1742.2338499405353,21.753681344954686,3.0797830004561955
2018-05-28,0.08405598195884867,2018,5,2,0,28,1601.7745840728155,23.661256943927818,3.163838982415044
2018-06-04,0.14279665044909606,2018,6,2,0,4,1377.63521582406,27.29314666764584,3.30663563286414
2018-06-11,0.2632647320888277,2018,6,2,0,11,1053.1338514598788,35.51305463038268,3.569900364952968
2018-06-18,0.21120558177737303,2018,6,2,0,18,852.6251796478326,43.86452674954739,3.781105946730341
2018-06-25,0.0528217054317377,2018,6,2,0,25,802.2695081057008,46.24381161836702,3.8339276521620786
2018-07-02,0.08303507420550682,2018,7,3,0,2,738.3437648895748,50.24759707363223,3.9169627263675855
2018-07-09,0.17966132796665502,2018,7,3,0,9,618.5883244544043,60.1369255276689,4.0966240543342405
2018-07-16,0.33363189195619203,2018,7,3,0,16,450.2524544375728,83.95290159432311,4.4302559462904325
2018-07-23,0.37865791644409974,2018,7,3,0,23,305.8767824801177,122.59838650041226,4.808913862734532
2018-07-30,0.07310999888028213,2018,7,3,0,30,284.31203515348636,131.89733589629984,4.882023861614814
2018-08-06,-0.7256607758769089,2018,8,3,0,6,617.1783299086827,63.838923193932615,4.1563630857379055
2018-08-13,-0.3089991063632409,2018,8,3,0,13,845.968603901855,46.86935167229917,3.8473639793746646
2018-08-20,-0.3244867996765186,2018,8,3,0,20,1202.7115828472417,33.88177230615041,3.522877179698146
2018-08-27,-0.39057151320606875,2018,8,3,0,27,1879.8976438931186,22.92678015742566,3.132305666492077
2018-09-03,-0.48623729989914644,2018,9,3,0,3,3454.2683301922866,14.09849940560033,2.6460683665929308
2018-09-10,-0.21954348989984718,2018,9,3,0,10,4315.570382611365,11.319477072330985,2.4265248766930836
2018-09-17,-0.10362802981184771,2018,9,3,0,17,4737.783332856258,10.205194413323103,2.322896846881236
2018-09-24,-0.056220829218669444,2018,9,3,0,24,4623.064705660834,9.647280070596535,2.2666760176625664
2018-10-01,0.009311791630991273,2018,10,4,0,1,4374.824671811491,9.73753308892275,2.2759878092935577
2018-10-08,0.027676142036870743,2018,10,4,0,8,4145.525152242884,10.01079440503381,2.3036639513304284
2018-10-15,0.05206488466168091,2018,10,4,0,15,3868.834293153221,10.545812228816532,2.3557288359921094
2018-10-22,0.03635256451881519,2018,10,4,0,22,3630.1348167634733,10.936232951093373,2.3920814005109245
2018-10-29,-0.0024770453221849564,2018,10,4,0,29,3620.804782465752,10.909176929748938,2.3896043551887396
2018-11-05,-0.040436765777583705,2018,11,4,0,5,3703.4049648037303,10.47684505711524,2.349167589411156
2018-11-12,-0.06646922845056746,2018,11,4,0,12,3906.9285774237665,9.803097046953201,2.2826983609605884
2018-11-19,-0.06890627095861879,2018,11,4,0,19,4152.846778251751,9.150349634617893,2.2137920900019696
2018-11-26,0.060841108527815546,2018,11,4,0,26,3866.581765003054,9.724351451797192,2.274633198529785
2018-12-03,0.1735733260917196,2018,12,4,0,3,3250.463253697226,11.56758193073927,2.448206524621505
2018-12-10,0.3469020341216682,2018,12,4,0,10,2279.33735718923,16.364405155889948,2.795108558743173
2018-12-17,0.23014324751014525,2018,12,4,0,17,1796.1870389209137,20.59919106321372,3.0252518062533182
2018-12-24,0.15504621808580943,2018,12,4,0,24,1525.7387679017636,24.053921137804483,3.1802980243391277
2018-12-31,0.07826321235514078,2018,12,4,0,31,1383.972105166285,26.01208497311048,3.2585612366942684
2019-01-07,0.1268168743421727,2019,1,1,0,7,1219.1340692423857,29.529155905200575,3.385378111036441
2019-01-14,0.0319526484853645,2019,1,1,0,14,1170.95532093927,30.487926705319214,3.4173307595218056
2019-01-21,0.04777921246013106,2019,1,1,0,21,1103.8156960782546,31.979976481053246,3.4651099719819367
2019-01-28,-0.17040200126071126,2019,1,1,0,28,1260.6816338068152,26.969537025245586,3.2947079707212255
2019-02-04,-0.09684595428580334,2019,2,1,0,4,1380.7112791468319,24.480136079489167,3.197862016435422
2019-02-11,0.05051017604972374,2019,2,1,0,11,1341.8313469419365,25.748392358503338,3.248372192485146
2019-02-18,0.12007404481569006,2019,2,1,0,18,1239.9520396393207,29.033381009213663,3.368446237300836
2019-02-25,0.035513219331077206,2019,2,1,0,25,1253.2004483066598,30.082976790297764,3.403959456631913
2019-03-04,-0.26642912146032627,2019,3,1,0,4,1744.270925230855,23.046878451338923,3.137530335171587
2019-03-11,-0.18804052331466536,2019,3,1,0,11,2105.1299175339764,19.096208583217372,2.9494898118569215
2019-03-18,-0.11466557784068776,2019,3,1,0,18,2343.281013683707,17.027407198283925,2.8348242340162337
2019-03-25,-0.06320396726794275,2019,3,1,0,25,2464.8859768329057,15.984512212862867,2.771620266748291
2019-04-01,-0.032099489235251966,2019,4,2,0,1,2538.831006346722,15.479565162768024,2.739520777513039
2019-04-08,-0.009232425233781427,2019,4,2,0,8,2575.4192068299712,15.337308930230318,2.7302883522792576
2019-04-15,0.015343936701793126,2019,4,2,0,15,2536.2037665483763,15.574458377907533,2.7456322889810507
2019-04-22,0.11340844240573134,2019,4,2,0,22,2252.8223039851496,17.44478467319856,2.859040731386782
2019-04-29,0.24376833883386162,2019,4,2,0,29,1765.4673602192765,22.26039454794498,3.1028090702206437
2019-05-06,0.40715416010144834,2019,5,2,0,6,1174.9919406556294,33.447037924422816,3.509963230322092
2019-05-13,0.5620493154836534,2019,5,2,0,13,686.8350779059324,58.67492982867047,4.0720125458057455
2019-05-20,0.5228479965831347,2019,5,2,0,20,404.1451884322749,98.97433186119213,4.59486054238888
2019-05-27,0.004987541511034088,2019,5,2,0,27,404.1451884322749,99.46920352049808,4.599848083899914
2019-06-03,0.0,2019,6,2,0,3,404.1451884322749,99.46920352049808,4.599848083899914
2019-06-10,-0.07947024066427577,2019,6,2,0,10,438.6618771033884,91.87030399384736,4.5203778432356385
2019-06-17,-0.383073739596659,2019,6,2,0,17,662.5821847248673,62.6337395673151,4.1373041036389795
2019-06-24,-0.013928996412003514,2019,6,2,0,24,655.6860852754688,61.76736232397705,4.123375107226976
2019-07-01,0.0070986108017825345,2019,7,3,0,1,651.0481060284745,62.20738471548318,4.1304737180287585
2019-07-08,0.032137853446475795,2019,7,3,0,8,627.3440890454245,64.23906864464291,4.162611571475234
2019-07-15,0.06378937259734574,2019,7,3,0,15,581.2734192085643,68.47035953267894,4.22640094407258
2019-07-22,0.09679781668356835,2019,7,3,0,22,527.6448530107339,75.42952380356176,4.323198760756148
2019-07-29,0.1892129567531855,2019,7,3,0,29,441.07307166169466,91.1413608827918,4.512411717509334
2019-08-05,0.0024844733276596642,2019,8,3,0,5,441.07307166169466,91.36808068598282,4.514896190836994
2019-08-12,-0.22988779564412898,2019,8,3,0,12,539.9214308719183,72.60315623459505,4.285008395192865
2019-08-19,-0.27055751543703277,2019,8,3,0,19,698.645876396397,55.392869703338,4.014450879755832
2019-08-26,-0.2525540623889593,2019,8,3,0,26,887.7533782564216,43.02996861023061,3.7618968173668725
2019-09-02,-0.21585990984322523,2019,9,3,0,2,1087.2191382352873,34.67562212084724,3.5460369075236473
2019-09-09,-0.12732888104633133,2019,9,3,0,9,1208.649383954235,30.52994564832145,3.418708026477316
2019-09-16,-0.1996787482145046,2019,9,3,0,16,1447.7778165382338,25.003836629129626,3.2190292782628114
2019-09-23,-0.22941892806168562,2019,9,3,0,23,1760.746226100419,19.877935548676778,2.9896103502011258
2019-09-30,-0.1787721740521011,2019,9,3,0,30,2057.2856492047526,16.623846092165213,2.8108381761490246
2019-10-07,-0.1514118975377583,2019,10,4,0,7,2344.6101956821153,14.2880893641486,2.6594262786112663
2019-10-14,-0.0733494169734743,2019,10,4,0,14,2507.9872407967982,13.277579510101674,2.586076861637792
2019-10-21,0.023645767728806444,2019,10,4,0,21,2464.0905876696065,13.595279397452003,2.6097226293665985
2019-10-28,0.0733518083800595,2019,10,4,0,28,2276.14440080871,14.630003258215327,2.683074437746658
2019-11-04,0.11031251740290715,2019,11,4,0,4,2069.017480190254,16.33625637464018,2.793386955149565
2019-11-11,0.10999449269216122,2019,11,4,0,11,1837.055450244279,18.235704314502538,2.9033814478417264
2019-11-18,0.06363146093662442,2019,11,4,0,18,1662.054223671331,19.433782327902726,2.9670129087783508
2019-11-25,0.15424933531206353,2019,11,4,0,25,1420.0672199196656,22.674982950329337,3.1212622440904143
2019-12-02,0.14495479825413105,2019,12,4,0,2,1213.1851391348457,26.211992691138153,3.2662170423445454
2019-12-09,0.08736758991101246,2019,12,4,0,9,1087.2191382352053,28.605088805263406,3.353584632255558
2019-12-16,-0.06198619963035368,2019,12,4,0,16,1138.147085344522,26.885804474680217,3.291598432625204
2019-12-23,0.05793095851634744,2019,12,4,0,23,1102.1672864280483,28.489323160518115,3.3495293911415516
2019-12-30,0.07912738990763168,2019,12,4,0,30,1066.9625536580606,30.83519649982371,3.4286567810491833
2020-01-06,0.020928389593625862,2020,1,1,0,6,1044.8647875404085,31.48732773112774,3.449585170642809
2020-01-13,0.0235861938991051,2020,1,1,0,13,1036.018017861066,32.23882154960655,3.473171364541914
2020-01-20,0.007765786284385623,2020,1,1,0,20,1000.302984402975,32.49015598948496,3.4809371508263
2020-01-27,0.10391483346092523,2020,1,1,0,27,912.394037018719,36.04802165023928,3.584851984287225
2020-02-03,0.02825560218767631,2020,2,1,0,3,900.7282407229166,37.08110669783536,3.6131075864749014
2020-02-10,-0.03175959808340423,2020,2,1,0,10,913.0912364380918,35.92193057065209,3.581347988391497
2020-02-17,-0.02937741530614435,2020,2,1,0,17,917.3789243864979,34.88198731118678,3.551970573085353
2020-02-24,-0.03622540495079685,2020,2,1,0,24,936.3577890370464,33.640986777495286,3.515745168134556
2020-03-02,0.11665645829889337,2020,3,1,0,2,859.7088125776542,37.80349756164027,3.6324016264334493
2020-03-09,0.23451325745055263,2020,3,1,0,9,700.9144459957294,47.79470617474492,3.866914883884002
2020-03-16,0.0390478558045273,2020,3,1,0,16,684.1334930867505,49.69790303146097,3.9059627396885293
2020-03-23,-0.2703929059496968,2020,3,1,0,23,922.9116474995616,37.92345680632081,3.6355698337388325
2020-03-30,-0.15815708646544913,2020,3,1,0,30,1081.052727668474,32.37584911837291,3.4774127472733833
2020-04-06,-0.07070623526487463,2020,4,2,0,6,1143.681919649333,30.16573000522569,3.4067065120085087
2020-04-13,-0.002819560500848528,2020,4,2,0,13,1130.2892496517165,30.080795699398756,3.40388695150766
2020-04-20,-0.003640486650238195,2020,4,2,0,20,1117.729028797962,29.971486055101266,3.400246464857422
2020-04-27,0.00021228203503032006,2020,4,2,0,27,1117.4917801878153,29.977849138514202,3.4004587468924523
2020-05-04,0.01882233434885361,2020,5,2,0,4,1096.6546927592885,30.547445992968655,3.419281081241306
2020-05-11,0.1076501869263109,2020,5,2,0,11,984.7319278343864,34.0194108194226,3.526931268167617
2020-05-18,0.3162612793712021,2020,5,2,0,18,717.7405625648978,46.674246583313234,3.843192547538819
2020-05-25,0.1846800517328928,2020,5,2,0,25,596.7081414394053,56.141348967000596,4.027872599271712
2020-06-01,-0.09135276085775068,2020,6,2,0,1,644.0285143316164,51.239967277299755,3.936519838413961
2020-06-08,-0.06819060465758353,2020,6,2,0,8,689.477184450832,47.86235243778874,3.8683292337563775
2020-06-15,0.12622669028394284,2020,6,2,0,15,607.7155435050468,54.30172117973144,3.9945559240403203
2020-06-22,0.3662323074622482,2020,6,2,0,22,430.29236008900307,78.3188434789532,4.360788231502569
2020-06-29,0.023461486678968413,2020,6,2,0,29,430.29236008900307,80.17804451109453,4.384249718181537
2020-07-06,-0.1499916754687316,2020,7,3,0,6,499.92423668361175,69.01045692216378,4.234258042712805
2020-07-13,-0.24696020345532066,2020,7,3,0,13,649.2419822489933,53.90902153116927,3.9872978392574847
2020-07-20,-0.14116042700739673,2020,7,3,0,20,747.6731582146062,46.811898508671455,3.846137412250088
2020-07-27,-0.09705089360580077,2020,7,3,0,27,826.2272781450442,42.48225751975014,3.749086518644287
2020-08-03,-0.05857698840922332,2020,8,3,0,3,876.0707733964504,40.06525621659577,3.690509530235064
2020-08-10,-0.03666362205220386,2020,8,3,0,10,911.3759161869035,38.62292098662528,3.65384590818286
2020-08-17,-0.03348138481026419,2020,8,3,0,17,950.4384952919334,37.35118071905951,3.620364523372596
2020-08-24,-0.04451669499081712,2020,8,3,0,24,1021.6964502057866,35.72489656066466,3.5758478283817787
2020-08-31,-0.06498253042206503,2020,8,3,0,31,1111.2032790053343,33.47722302736422,3.5108652979597137
2020-09-07,-0.004240056034099826,2020,9,3,0,7,1124.924239873085,33.335578229011034,3.506625241925614
2020-09-14,-0.011247070639469392,2020,9,3,0,14,1137.6477593007096,32.962751162144016,3.4953781712861445
2020-09-21,-0.0739537093618492,2020,9,3,0,21,1241.3030787574976,30.612991017501315,3.4214244619242953
2020-09-28,-0.058284914116234265,2020,9,3,0,28,1333.1155125106336,28.879717952942883,3.363139547808061
2020-10-05,-0.11764413997485423,2020,10,4,0,5,1538.4959203615817,25.67442622188858,3.245495407833207
2020-10-12,-0.08719177464022199,2020,10,4,0,12,1699.9108711036927,23.530645447328304,3.158303633192985
2020-10-19,-0.010266396332079264,2020,10,4,0,19,1695.9845625368155,23.290306334461434,3.1480372368609055
2020-10-26,0.05636944438462388,2020,10,4,0,26,1603.027438847052,24.640875784640123,3.2044066812455294
2020-11-02,0.11894081855307048,2020,11,4,0,2,1423.2644934028954,27.753098726968947,3.3233474997986
2020-11-09,0.19292804603979574,2020,11,4,0,9,1173.5403570804722,33.65883393926725,3.5162755458383956
2020-11-16,0.15779525730128885,2020,11,4,0,16,1002.2323567762602,39.412018313850986,3.6740708031396845
2020-11-23,0.1311444234209227,2020,11,4,0,23,879.0490729913079,44.93492026057865,3.805215226560607
2020-11-30,-0.08704073800360845,2020,11,4,0,30,1007.5472768814041,41.18913419968963,3.7181744885569987
2020-12-07,-0.14814295886032047,2020,12,4,0,7,1196.5860528260464,35.517712996591676,3.5700315296966783
2020-12-14,-0.8540813518345796,2020,12,4,0,14,3373.245896579076,15.118968958569205,2.7159501778620987
2020-12-21,-0.43022333210684405,2020,12,4,0,21,5898.606666498487,9.83283057834907,2.2857268457552546
2020-12-28,-0.2363999693231036,2020,12,4,0,28,7858.116822750849,7.762674108304496,2.049326876432151
2021-01-04,-0.143472847694748,2021,1,1,0,4,9070.431482169262,6.725148645895662,1.905854028737403
2021-01-11,-0.07393805143103216,2021,1,1,0,11,9766.497309525552,6.245842093306564,1.831915977306371
2021-01-18,-0.025298820612146056,2021,1,1,0,18,10180.938814839987,6.089811669394111,1.8066171566942248
2021-01-25,-0.0028696182474319265,2021,1,1,0,25,10210.196181298696,6.072361284650052,1.803747538446793
2021-02-01,0.006188498547509358,2021,2,1,0,1,9656.211692088402,6.1100566020461535,1.8099360369943023
2021-02-08,0.04033521076990887,2021,2,1,0,8,8645.698702858357,6.3615448433122515,1.8502712477642111
2021-02-15,0.09578495359170769,2021,2,1,0,15,7356.068408072557,7.001022440667334,1.9460562013559188
2021-02-22,0.08572249167320067,2021,2,1,0,22,6358.452975561349,7.627641532682441,2.0317786930291195
2021-03-01,0.14877039731876396,2021,3,1,0,1,5423.014927979792,8.851165013827684,2.1805490903478835
2021-03-08,-0.01755583739067701,2021,3,1,0,8,5634.041554907542,8.697131450391675,2.1629932529572065
2021-03-15,-0.0065065714800187635,2021,3,1,0,15,5844.415879255829,8.640726642887394,2.1564866814771877
2021-03-22,0.022950470860900296,2021,3,1,0,22,5745.742824566834,8.841328536807556,2.179437152338088
2021-03-29,0.06277980886387269,2021,3,1,0,29,5470.471698680216,9.414179039153915,2.2422169612019607
2021-04-05,0.12485654888705477,2021,4,2,0,5,5015.8763094314545,10.666132236834242,2.3670735100890155
2021-04-12,0.18107450312122975,2021,4,2,0,12,4263.339138053778,12.783407145245159,2.548148013210245
2021-04-19,0.22500990372072982,2021,4,2,0,19,3654.169474101474,16.0091097073117,2.773157916930975
2021-04-26,-0.034648884823397896,2021,4,2,0,26,3912.3348062715872,15.463911703828805,2.738509032107577
2021-05-03,-0.17538432668416215,2021,5,2,0,3,4816.472681424616,12.976301151055996,2.563124705423415
2021-05-10,-0.13430393276037034,2021,5,2,0,10,5596.935037874071,11.345495270232709,2.4288207726630446
2021-05-17,-0.07380925149573381,2021,5,2,0,17,6357.79168827635,10.53825027384064,2.355011521167311
2021-05-24,-0.0747397835167467,2021,5,2,0,24,7352.236312026403,9.77933746258805,2.280271737650564
2021-05-31,-0.061100115942558375,2021,5,2,0,31,7815.466406524698,9.199706870977616,2.2191716217080057
2021-06-07,-0.019291034769034265,2021,6,2,0,7,8034.188311097945,9.023935859189764,2.1998805869389715
2021-06-14,0.02430518282015104,2021,6,2,0,14,8003.503020931631,9.245951404837001,2.2241857697591225
2021-06-21,0.056420297861113244,2021,6,2,0,21,7564.4453420812415,9.782607534796469,2.2806060676202358
2021-06-28,0.08741679612499853,2021,6,2,0,28,6931.264260034067,10.6762629765376,2.3680228637452343
2021-07-05,0.15586904366195142,2021,7,3,0,5,5930.8834744817095,12.47706186074862,2.5238919074071857
2021-07-12,0.1418529086826874,2021,7,3,0,12,5111.743757508366,14.378655012203966,2.665744816089873
2021-07-19,0.1858870571125233,2021,7,3,0,19,4186.875236071144,17.316016339677734,2.8516318732023964
2021-07-26,0.24398586966876312,2021,7,3,0,26,3235.1642738490846,22.100886986777898,3.0956177428711595
2021-08-02,0.39035640178824726,2021,8,3,0,2,2128.361868298215,32.654221556586364,3.485974144659407
2021-08-09,-0.15386632212919693,2021,8,3,0,9,2357.3707747612793,27.997292876714962,3.33210782253021
2021-08-16,-0.29820004562333935,2021,8,3,0,16,3128.267988210442,20.778270993714933,3.0339077769068705
2021-08-23,-0.24041588496986233,2021,8,3,0,23,3886.6515930891183,16.33797073885135,2.793491891937008
2021-08-30,-0.19127220622622332,2021,8,3,0,30,4594.751617252446,13.493656494336152,2.602219685710785
2021-09-06,-0.20554682336322472,2021,9,3,0,6,5370.1969378707745,10.986561700173489,2.39667286234756
2021-09-13,-0.17490562918527575,2021,9,3,0,13,6125.579749928059,9.22361675246552,2.2217672331622844
2021-09-20,-0.10978955946013969,2021,9,3,0,20,6654.913882829753,8.264569755275827,2.1119776737021447
2021-09-27,-0.051440934753472334,2021,9,3,0,27,6878.82125208841,7.8501821781756,2.0605367389486724
2021-10-04,0.11358645162455705,2021,10,4,0,4,6458.603611157902,8.794470665744551,2.1741231905732294
2021-10-11,0.16092823101291653,2021,10,4,0,11,5711.5247659023935,10.32999110013984,2.335051421586146
2021-10-18,0.24215170595477264,2021,10,4,0,18,4863.118777330598,13.160279016489511,2.5772031275409186
2021-10-25,0.009832287029491571,2021,10,4,0,25,5492.722457943896,13.290312874706265,2.58703541457041
2021-11-01,-0.19877461084158776,2021,11,4,0,1,7067.767209899786,10.894529730994321,2.3882608037288224
2021-11-08,-0.16917604722026702,2021,11,4,0,8,8587.976090635948,9.198907771312854,2.2190847565085554
2021-11-15,-0.1231462734576172,2021,11,4,0,15,9590.474282833899,8.13307013810705,2.095938483050938
2021-11-22,-0.0971406962081185,2021,11,4,0,22,9823.611012928739,7.380178215992429,1.9987977868428197
2021-11-29,-0.1053763416901452,2021,11,4,0,29,9635.571722749197,6.642055276169921,1.8934214451526745
2021-12-06,-0.004650869348442832,2021,12,4,0,6,9302.345745221357,6.611235669410883,1.8887705758042317
2021-12-13,0.03613112494778492,2021,12,4,0,13,8826.350870941584,6.8544748429591875,1.9249017007520166
2021-12-20,0.10388361190963824,2021,12,4,0,20,8086.951704986835,7.604843239273446,2.028785312661655
2021-12-27,0.0822871255640143,2021,12,4,0,27,7569.250993728653,8.257091758719996,2.111072438225669
2022-01-03,0.0657315601162125,2022,1,1,0,3,7201.1152334942,8.818078581029438,2.1768039983418817
2022-01-10,-0.0037659137038956736,2022,1,1,0,10,7228.285139686152,8.784932909101746,2.173038084637986
2022-01-17,0.014533023775467946,2022,1,1,0,17,7146.433736593148,8.913536786023164,2.187571108413454
2022-01-24,0.06778971384956334,2022,1,1,0,24,6552.231865879285,9.538734476944938,2.2553608222630173
2022-01-31,0.24481350814897773,2022,1,1,0,31,5162.246398496426,12.18461792492518,2.500174330411995
2022-02-07,0.5573194356233517,2022,2,1,0,7,3055.348018663818,21.274172239280997,3.0574937660353467
2022-02-14,0.7456425080754858,2022,2,1,0,14,1460.6972183302541,44.84159973610005,3.8031362741108325
2022-02-21,-0.38174504838206014,2022,2,1,0,21,2254.019977863431,30.611973575054375,3.4213912257287724
2022-02-28,-0.607197014562145,2022,2,1,0,28,4676.33468227067,16.679730023541822,2.8141942111666274
2022-03-07,-0.19586813684821625,2022,3,1,0,7,5615.212022765268,13.712750237715971,2.618326074318411
2022-03-14,-0.07496072448870139,2022,3,1,0,14,5816.506032339693,12.72241438220145,2.5433653498297097
2022-03-21,-0.06566347214830914,2022,3,1,0,21,5623.7052381914755,11.913853440431472,2.4777018776814006
2022-03-28,0.06108047979717801,2022,3,1,0,28,5487.893010707422,12.664241060166193,2.5387823574785786
2022-04-04,0.03532866215124919,2022,4,2,0,4,5297.397874657515,13.119648862413092,2.574111019629828
2022-04-11,0.011720625856352918,2022,4,2,0,11,5085.0046929451755,13.274324032315649,2.5858316454861807
2022-04-18,-0.02189203766667447,2022,4,2,0,18,4928.050508891276,12.986879879686716,2.5639396078195063
2022-04-25,-0.07435118260761664,2022,4,2,0,25,5101.061980934467,12.056313024593708,2.4895884252118896
2022-05-02,-0.2088445595494921,2022,5,2,0,2,5928.072659351196,9.783955651843826,2.2807438656623975
2022-05-09,-0.18711085781328674,2022,5,2,0,9,6901.36130620543,8.114341144499567,2.0936330078491108
2022-05-16,-0.17235343707259254,2022,5,2,0,16,7906.652358308987,6.829691954680691,1.9212795707765182
2022-05-23,-0.12234154283259624,2022,5,2,0,23,8273.726213414777,6.043226317899118,1.798938027943922
2022-05-30,-0.13080524763574797,2022,5,2,0,30,8675.549061307456,5.302258067464324,1.668132780308174
2022-06-06,-0.10482637273977802,2022,6,2,0,6,9110.745404091958,4.7745818888169795,1.563306407568396
2022-06-13,-0.11892191139469221,2022,6,2,0,13,9907.431401210795,4.239242069833272,1.4443844961737038
2022-06-20,0.037530218480446687,2022,6,2,0,20,9769.696499736838,4.401364975990633,1.4819147146541505
2022-06-27,0.10829927724697042,2022,6,2,0,27,8970.807031024528,4.904798403067968,1.590213991901121
2022-07-04,0.15995704025550417,2022,7,3,0,4,7818.490127818033,5.755586982183541,1.750171032156625
2022-07-11,0.1695626716093157,2022,7,3,0,11,6672.39337369533,6.819142315465885,1.9197337037659408
2022-07-18,0.24338143476164542,2022,7,3,0,18,5403.422035800054,8.698191569824505,2.163115138527586
2022-07-25,0.2260434297456837,2022,7,3,0,25,4356.073781271228,10.904314845222418,2.38915856827327
2022-08-01,0.2715915142647152,2022,8,3,0,1,3320.0492876954445,14.307016518110583,2.660750082537985
2022-08-08,0.33016531303691066,2022,8,3,0,8,2461.8298195865973,19.903894091358566,2.9909153955748957
2022-08-15,0.09736461982202504,2022,8,3,0,15,2165.0635094610275,21.93931022920648,3.0882800153969208
2022-08-22,-0.02710192705575931,2022,8,3,0,22,2177.7107802515798,21.352697714353095,3.0611780883411615
2022-08-29,0.04067269177159183,2022,8,3,0,29,2068.431553353606,22.239072849869707,3.1018507801127533
