Date,Open,High,Low,Vol.,Change %
03/31/2023,130.6,130.6,128.36,3.54M,-0.98%
03/30/2023,132.3,133.44,129.8,4.85M,-0.94%
03/29/2023,128.0,134.44,127.1,10.37M,3.37%
03/28/2023,128.58,128.94,126.56,2.27M,-0.50%
03/27/2023,127.0,128.42,126.86,2.81M,1.33%
03/24/2023,126.2,126.5,125.4,1.26M,0.24%
03/23/2023,125.0,126.54,123.92,2.88M,0.88%
03/22/2023,125.98,126.32,125.0,1.49M,-0.78%
03/21/2023,128.24,128.58,125.12,3.45M,-1.18%
03/20/2023,125.4,128.0,124.42,5.78M,1.98%
03/17/2023,125.02,125.96,124.32,3.99M,0.77%
03/16/2023,123.8,124.32,120.8,3.42M,0.26%
03/15/2023,125.94,126.42,122.5,3.35M,-1.50%
03/14/2023,125.0,126.26,124.02,2.72M,0.62%
03/13/2023,127.0,127.2,124.02,4.50M,-1.36%
03/10/2023,125.9,127.2,125.4,2.66M,0.14%
03/09/2023,126.4,127.22,125.22,2.63M,0.06%
03/07/2023,126.9,127.4,125.7,3.38M,-0.46%
03/06/2023,128.5,129.1,126.6,5.01M,-1.06%
03/03/2023,126.2,128.54,125.3,2.94M,1.73%
03/02/2023,127.9,128.9,124.32,6.61M,-1.44%
03/01/2023,125.98,128.52,125.14,5.70M,2.22%
02/28/2023,124.2,126.0,123.8,5.40M,0.92%
02/27/2023,119.88,124.64,117.84,6.00M,3.38%
02/24/2023,121.32,122.44,118.9,3.08M,-0.78%
02/22/2023,122.02,122.38,119.56,4.05M,-0.69%
02/21/2023,117.88,122.0,117.72,6.03M,3.33%
02/20/2023,117.22,118.34,114.4,3.84M,0.36%
02/17/2023,116.88,118.6,115.74,4.33M,-0.47%
02/16/2023,118.4,120.34,115.46,5.49M,0.34%
02/15/2023,122.5,122.58,115.2,6.67M,-4.34%
02/14/2023,126.26,126.66,122.76,4.20M,-2.97%
02/13/2023,125.04,127.48,125.02,4.23M,1.36%
02/10/2023,122.04,125.7,121.72,7.15M,2.04%
02/09/2023,119.3,123.24,118.34,4.59M,2.68%
02/08/2023,121.9,122.42,119.1,3.49M,-2.08%
02/07/2023,123.22,123.9,120.8,3.42M,-1.30%
02/06/2023,120.4,123.68,119.82,5.09M,2.63%
02/03/2023,120.22,120.68,118.1,4.16M,0.05%
02/02/2023,119.8,120.88,118.0,5.56M,1.06%
02/01/2023,117.0,120.0,116.5,5.21M,1.85%
01/31/2023,115.4,116.98,114.8,2.92M,1.42%
01/30/2023,113.76,115.38,113.76,3.01M,1.23%
01/27/2023,112.38,113.98,112.22,2.29M,1.25%
01/26/2023,111.76,113.16,111.24,1.87M,0.64%
01/25/2023,111.26,112.1,110.72,1.70M,0.34%
01/24/2023,111.82,112.8,111.08,1.77M,-0.68%
01/23/2023,112.3,112.46,111.28,1.60M,0.04%
01/20/2023,111.8,112.28,110.88,1.82M,0.43%
01/19/2023,111.5,112.46,110.58,2.79M,-0.04%
01/18/2023,111.3,113.3,110.84,3.26M,0.14%
01/17/2023,114.38,114.52,111.0,4.75M,-2.55%
01/16/2023,112.2,114.48,112.2,4.36M,1.91%
01/13/2023,111.5,112.3,110.7,2.00M,0.59%
01/12/2023,112.16,112.4,110.22,2.32M,-0.54%
01/11/2023,109.0,112.28,109.0,3.47M,2.64%
01/10/2023,109.9,110.18,108.64,3.62M,-1.07%
01/09/2023,111.9,112.38,109.8,4.64M,-0.84%
01/06/2023,112.28,112.5,111.18,1.90M,-0.64%
01/05/2023,112.3,112.66,110.88,2.31M,-0.25%
01/04/2023,114.58,114.62,111.82,4.18M,-1.77%
01/03/2023,113.0,115.2,112.7,6.51M,-2.89%
12/30/2022,115.68,118.32,115.24,4.21M,2.19%
12/29/2022,115.1,115.96,114.5,1.55M,-0.28%
12/28/2022,116.0,116.6,114.8,3.13M,-0.33%
12/27/2022,115.48,115.98,113.78,3.60M,0.56%
12/26/2022,114.6,115.52,114.3,2.35M,0.59%
12/23/2022,113.76,115.48,112.5,3.04M,0.76%
12/22/2022,115.12,115.94,112.94,4.56M,-0.77%
12/21/2022,114.98,117.0,112.8,6.67M,0.16%
12/20/2022,111.36,115.7,111.12,8.20M,2.80%
12/19/2022,108.5,112.2,107.68,6.02M,2.75%
12/16/2022,107.02,108.96,106.76,2.07M,1.18%
12/15/2022,108.82,109.58,107.1,4.68M,-1.60%
12/14/2022,107.58,109.82,106.78,5.17M,1.36%
12/13/2022,107.4,108.4,106.06,4.53M,0.22%
12/12/2022,107.38,107.94,106.3,4.12M,0.66%
12/09/2022,107.86,108.96,105.4,5.37M,-1.26%
12/08/2022,105.9,107.98,105.36,5.35M,1.89%
12/07/2022,106.34,106.94,104.98,2.95M,-0.71%
12/06/2022,105.92,107.0,105.3,3.32M,0.81%
12/05/2022,105.5,106.6,104.72,2.61M,0.25%
12/02/2022,106.6,106.6,104.9,2.43M,-1.11%
12/01/2022,106.42,107.0,106.02,2.05M,0.13%
11/30/2022,106.1,106.62,105.28,1.86M,0.09%
11/29/2022,106.12,107.2,105.58,3.28M,0.59%
11/28/2022,104.9,105.9,103.52,2.62M,0.34%
11/25/2022,106.16,106.8,104.88,2.74M,-0.72%
11/24/2022,107.36,107.86,105.6,2.70M,-0.54%
11/23/2022,107.54,107.96,105.6,3.97M,-0.09%
11/22/2022,104.88,107.76,103.2,5.26M,2.42%
11/21/2022,105.8,105.8,103.16,3.58M,-1.49%
11/18/2022,105.6,105.98,104.5,2.68M,0.21%
11/17/2022,107.24,108.0,105.12,3.55M,-1.34%
11/16/2022,104.8,107.5,104.28,4.95M,3.06%
11/15/2022,107.2,109.5,101.3,9.53M,-2.84%
11/14/2022,107.7,108.0,105.66,5.60M,-0.02%
11/11/2022,107.6,109.0,104.58,4.95M,-0.30%
11/10/2022,104.22,107.76,103.12,7.59M,2.93%
11/09/2022,108.42,108.98,103.82,8.10M,-4.45%
11/08/2022,110.2,111.5,108.06,7.29M,-0.73%
11/07/2022,105.0,111.0,104.52,12.08M,5.69%
11/03/2022,100.5,104.8,99.16,9.23M,3.36%
11/02/2022,103.34,103.46,98.52,4.31M,-2.58%
11/01/2022,103.3,104.88,101.3,6.17M,0.19%
10/31/2022,106.26,106.26,101.82,8.62M,-2.74%
10/28/2022,105.56,106.76,103.16,10.42M,0.38%
10/27/2022,100.5,107.24,99.2,18.25M,5.37%
10/26/2022,96.32,101.4,95.02,11.58M,4.07%
10/25/2022,93.46,97.0,93.18,7.47M,3.02%
10/24/2022,94.52,95.26,92.02,9.12M,-0.91%
10/21/2022,89.36,94.5,87.8,15.86M,5.62%
10/20/2022,86.18,89.9,85.74,9.75M,4.71%
10/19/2022,84.7,85.94,83.56,5.17M,0.40%
10/18/2022,88.08,88.34,84.82,10.14M,-3.17%
10/17/2022,83.1,87.72,82.14,12.33M,6.38%
10/14/2022,82.24,83.86,80.22,7.20M,0.05%
10/13/2022,81.82,83.24,81.04,3.97M,0.15%
10/12/2022,83.38,83.62,80.68,6.84M,-0.60%
10/11/2022,78.3,83.36,76.52,14.88M,5.99%
10/10/2022,71.98,78.22,70.4,13.72M,5.71%
10/07/2022,78.0,78.0,73.2,13.89M,-5.52%
10/06/2022,80.16,82.28,77.56,13.51M,-2.74%
10/05/2022,82.3,82.44,77.5,11.66M,-3.46%
10/04/2022,87.0,87.38,81.74,10.88M,-3.99%
10/03/2022,85.46,88.26,82.2,12.09M,2.19%
09/30/2022,78.5,85.4,75.0,18.43M,8.76%
09/29/2022,81.7,82.3,76.5,8.65M,-4.46%
09/28/2022,82.66,84.94,79.18,11.31M,-0.22%
09/27/2022,79.74,82.7,76.12,10.86M,5.92%
09/26/2022,90.36,91.14,77.04,19.46M,-15.63%
09/23/2022,100.46,100.46,90.02,14.33M,-8.84%
09/22/2022,101.0,104.48,100.16,7.10M,0.08%
09/21/2022,97.2,106.14,97.2,12.42M,-7.72%
09/20/2022,117.0,117.1,106.5,14.20M,-6.75%
09/19/2022,117.24,117.96,115.9,3.90M,-0.38%
09/16/2022,118.96,119.14,116.6,5.27M,-1.43%
09/15/2022,118.28,119.28,117.72,3.80M,0.85%
09/14/2022,118.34,118.34,115.32,4.32M,-0.42%
09/13/2022,119.98,120.78,117.76,4.81M,-1.20%
09/12/2022,117.5,121.7,117.48,7.28M,1.72%
09/09/2022,117.02,117.98,116.0,6.41M,0.82%
09/08/2022,119.2,119.36,116.66,4.79M,-1.72%
09/07/2022,121.48,122.46,118.84,6.11M,-1.87%
09/06/2022,125.8,125.82,120.66,6.62M,-3.89%
09/05/2022,123.0,126.0,121.58,4.69M,2.86%
09/02/2022,118.66,122.5,118.42,5.49M,3.81%
09/01/2022,121.4,121.76,117.18,5.26M,-2.20%
08/31/2022,119.0,123.96,118.12,5.45M,1.51%
08/30/2022,116.5,119.5,116.5,8.20M,2.03%
08/29/2022,115.02,116.5,114.58,3.94M,1.30%
08/26/2022,115.42,115.42,113.52,3.94M,-0.17%
08/25/2022,117.48,117.78,114.5,4.17M,-1.94%
08/24/2022,116.86,117.48,116.4,1.69M,0.51%
08/23/2022,116.6,117.72,116.22,2.45M,0.36%
08/22/2022,115.1,117.08,114.3,3.28M,1.36%
08/19/2022,115.2,115.42,113.78,4.05M,-0.31%
08/18/2022,116.3,116.5,114.94,3.69M,-0.81%
08/17/2022,117.96,118.0,116.2,3.44M,-1.53%
08/16/2022,117.94,118.48,116.68,4.27M,0.03%
08/15/2022,117.68,117.96,115.7,2.90M,0.68%
08/12/2022,117.22,117.96,115.0,4.02M,-0.44%
08/11/2022,118.5,119.98,117.1,3.52M,-0.69%
08/10/2022,118.36,118.5,116.52,3.13M,-0.57%
08/09/2022,119.1,119.18,116.12,4.25M,0.37%
08/08/2022,122.5,122.5,118.08,2.96M,-1.13%
08/05/2022,124.48,125.0,119.36,2.63M,-3.53%
08/04/2022,125.0,126.8,121.56,2.49M,-0.43%
08/03/2022,127.14,129.12,124.7,2.87M,-3.82%
08/02/2022,131.7,132.96,130.0,2.76M,-1.29%
08/01/2022,131.94,136.36,128.2,10.76M,1.31%
07/29/2022,124.52,130.0,124.52,2.39M,3.59%
07/28/2022,125.98,127.8,123.0,6.16M,-0.05%
07/27/2022,123.5,126.7,122.12,4.58M,2.00%
07/26/2022,119.32,123.1,119.32,1.86M,3.69%
07/25/2022,117.02,121.98,116.8,2.93M,1.09%
07/22/2022,115.36,117.5,114.06,1.98M,1.35%
07/21/2022,119.42,119.42,114.0,3.24M,-3.42%
07/20/2022,123.3,123.82,118.6,3.29M,-2.61%
07/19/2022,125.7,126.04,121.0,2.87M,-1.80%
07/18/2022,129.4,130.04,125.46,1.56M,-3.33%
07/15/2022,127.3,129.78,124.7,1.87M,2.08%
07/14/2022,129.8,131.2,126.02,1.57M,-2.05%
07/13/2022,132.8,133.02,128.1,1.65M,-2.05%
07/12/2022,136.2,136.48,132.4,1.48M,-2.93%
07/11/2022,138.0,138.5,135.5,1.02M,-1.07%
07/08/2022,138.2,138.2,135.6,945.84K,-0.27%
07/07/2022,138.62,139.66,136.5,1.26M,-0.37%
07/06/2022,136.0,140.5,135.6,2.52M,1.76%
07/05/2022,135.34,136.78,132.48,1.54M,0.74%
07/04/2022,135.0,136.5,133.46,1.61M,1.80%
07/01/2022,133.3,140.18,131.08,3.33M,-0.22%
06/30/2022,137.78,139.96,133.0,3.83M,-3.18%
06/29/2022,133.9,139.14,131.44,2.60M,2.82%
06/28/2022,135.44,135.84,133.9,1.38M,-1.47%
06/27/2022,135.7,136.18,134.0,1.40M,0.07%
06/24/2022,137.0,138.5,134.32,1.98M,-0.80%
06/23/2022,134.86,137.0,132.4,2.11M,1.59%
06/22/2022,132.78,137.18,130.2,1.90M,0.42%
06/21/2022,135.0,138.92,132.96,4.05M,-0.06%
06/20/2022,130.34,134.38,130.02,2.52M,3.27%
06/17/2022,131.0,131.72,129.92,1.27M,-0.67%
06/16/2022,129.0,132.48,128.34,2.76M,1.72%
06/15/2022,129.44,130.0,128.5,1.81M,-0.82%
06/14/2022,129.5,129.84,127.3,1.55M,-0.66%
06/10/2022,129.8,131.0,126.1,1.75M,0.71%
06/09/2022,134.0,139.48,128.06,2.64M,-3.06%
06/08/2022,133.0,135.46,132.02,2.22M,1.44%
06/07/2022,129.4,133.0,124.5,4.69M,1.92%
06/06/2022,130.02,130.2,127.02,1.82M,-0.40%
06/03/2022,135.2,135.8,124.12,7.32M,-4.58%
06/02/2022,141.88,142.5,135.1,2.52M,-4.18%
06/01/2022,144.0,144.2,140.62,2.68M,-1.46%
05/31/2022,144.9,145.54,142.12,1.23M,-0.84%
05/30/2022,149.92,150.0,143.8,2.66M,-2.90%
05/27/2022,151.0,151.88,149.04,1.22M,-0.61%
05/26/2022,150.5,153.62,147.6,1.29M,0.19%
05/25/2022,149.48,152.9,148.0,934.81K,2.38%
05/24/2022,151.82,152.26,146.8,1.61M,-2.88%
05/23/2022,157.02,157.84,150.3,1.23M,-2.94%
05/20/2022,161.5,161.5,155.7,1.54M,-3.51%
05/19/2022,160.34,161.62,157.14,936.86K,0.82%
05/18/2022,159.0,162.48,159.0,2.56M,0.82%
05/17/2022,159.46,160.48,159.0,1.20M,-0.63%
05/16/2022,155.88,160.0,155.04,923.88K,3.16%
05/13/2022,156.02,157.44,155.0,602.34K,-0.58%
05/12/2022,159.08,160.5,155.5,927.77K,-2.12%
05/11/2022,160.52,160.9,158.04,1.08M,-1.62%
05/06/2022,157.64,162.0,156.66,853.33K,2.57%
05/05/2022,156.6,157.94,155.0,700.78K,1.90%
05/04/2022,160.48,160.68,155.0,796.49K,-2.27%
04/29/2022,154.1,160.86,154.1,1.78M,0.86%
04/28/2022,159.96,162.0,157.0,1.92M,-0.58%
04/27/2022,157.98,160.84,156.24,1.19M,0.11%
04/26/2022,151.2,157.98,150.54,1.31M,3.40%
04/25/2022,155.46,155.78,149.4,1.18M,-1.98%
04/22/2022,154.66,159.5,153.2,1.83M,0.55%
04/21/2022,156.5,156.5,152.08,1.59M,-0.96%
04/20/2022,149.5,158.9,147.0,2.64M,4.92%
04/19/2022,148.3,150.0,143.0,1.76M,0.78%
04/18/2022,155.0,155.84,148.0,1.24M,-4.65%
04/15/2022,150.2,155.22,145.6,2.26M,3.34%
04/14/2022,155.0,155.0,150.0,1.46M,-3.10%
04/13/2022,157.34,157.76,152.02,1.21M,-0.28%
04/12/2022,159.12,159.12,152.1,1.69M,-1.12%
04/11/2022,161.16,161.44,156.42,1.98M,-2.45%
04/08/2022,162.5,162.5,160.0,1.29M,0.39%
04/07/2022,160.5,163.2,160.1,1.73M,0.01%
04/06/2022,162.5,163.0,158.1,2.41M,-1.23%
04/05/2022,171.88,172.84,161.2,3.85M,-5.47%
04/04/2022,173.4,177.82,166.1,3.97M,-0.75%
04/01/2022,174.7,181.46,172.0,7.91M,0.76%
03/31/2022,170.0,179.52,168.5,6.57M,2.93%
03/30/2022,164.0,168.4,160.0,2.62M,5.68%
03/29/2022,164.08,175.0,152.0,4.22M,-3.35%
03/28/2022,173.42,174.9,159.3,2.15M,-5.49%
03/25/2022,183.1,192.0,170.4,2.46M,-5.46%
03/24/2022,170.0,212.22,161.0,11.80M,3.10%
02/25/2022,185.12,202.34,160.96,22.10M,-1.76%
02/24/2022,198.1,207.98,142.0,30.19M,-17.89%
02/22/2022,200.82,223.54,191.92,30.43M,9.48%
02/21/2022,226.9,230.5,186.0,36.90M,-11.42%
02/18/2022,228.92,231.52,223.56,15.29M,-0.27%
02/17/2022,235.7,235.7,225.84,15.81M,-3.47%
02/16/2022,233.0,236.5,230.44,8.91M,1.14%
02/15/2022,227.88,236.2,227.88,15.82M,2.20%
02/14/2022,220.96,230.5,216.54,15.81M,2.96%
02/11/2022,226.0,228.72,219.0,15.43M,-2.31%
02/10/2022,232.2,232.42,224.4,18.41M,-2.49%
02/09/2022,226.78,233.3,226.78,18.17M,2.53%
02/08/2022,221.0,228.0,219.3,16.23M,2.82%
02/07/2022,216.5,220.8,215.44,16.41M,1.74%
02/04/2022,216.18,219.84,214.0,9.53M,0.27%
02/03/2022,219.78,221.92,213.52,13.89M,-1.64%
02/02/2022,215.3,219.98,214.82,13.07M,2.08%
02/01/2022,214.4,215.5,211.62,7.22M,0.92%
01/31/2022,210.74,215.94,210.74,7.68M,1.24%
01/28/2022,210.52,212.7,206.26,7.38M,1.04%
01/27/2022,201.24,211.48,198.88,11.23M,3.24%
01/26/2022,198.0,206.64,194.62,14.02M,1.86%
01/25/2022,195.64,200.62,191.74,13.27M,0.97%
01/24/2022,207.8,208.4,193.04,20.22M,-5.05%
01/21/2022,209.7,211.46,206.08,12.27M,-1.37%
01/20/2022,212.0,215.12,207.2,10.26M,-0.22%
01/19/2022,204.1,212.94,198.5,19.71M,2.20%
01/18/2022,211.5,212.22,198.5,19.66M,-2.74%
01/17/2022,214.0,216.72,207.62,9.45M,-1.17%
01/14/2022,218.12,220.44,211.02,12.60M,-2.29%
01/13/2022,220.58,221.52,216.96,10.26M,-0.71%
01/12/2022,217.3,220.98,215.76,8.10M,1.52%
01/11/2022,212.9,217.94,210.92,9.42M,2.34%
01/10/2022,214.62,215.82,210.5,5.67M,-0.70%
01/06/2022,213.04,217.98,211.8,9.23M,0.09%
01/05/2022,218.5,218.76,212.32,5.96M,-2.19%
01/04/2022,218.8,219.4,216.52,6.52M,-0.13%
01/03/2022,217.04,219.04,216.12,4.19M,0.76%
12/30/2021,215.02,217.9,213.0,6.19M,0.94%
12/29/2021,215.86,216.72,213.5,4.07M,-0.34%
12/28/2021,215.0,217.62,214.32,8.35M,0.54%
12/27/2021,212.4,215.0,211.9,4.54M,1.04%
12/24/2021,211.2,212.5,209.5,3.79M,0.58%
12/23/2021,211.0,212.56,209.8,6.43M,0.16%
12/22/2021,212.4,212.8,210.68,5.80M,-0.69%
12/21/2021,215.84,217.7,209.7,11.14M,-1.16%
12/20/2021,210.32,215.8,207.14,14.06M,1.95%
12/17/2021,210.0,211.12,207.38,10.41M,0.57%
12/16/2021,202.88,211.92,202.88,13.92M,3.31%
12/15/2021,199.8,203.56,197.76,8.87M,1.49%
12/14/2021,203.9,204.0,184.8,21.75M,-2.11%
12/13/2021,212.2,213.64,202.72,11.59M,-3.82%
12/10/2021,211.5,214.06,209.22,10.76M,0.48%
12/09/2021,208.06,212.18,207.28,13.85M,1.63%
12/08/2021,208.36,210.16,206.02,10.32M,-0.27%
12/07/2021,207.0,209.76,202.5,16.81M,0.71%
12/06/2021,207.16,209.4,205.1,14.50M,-5.70%
12/03/2021,218.68,221.98,217.7,22.90M,0.49%
12/02/2021,217.42,218.5,215.32,12.65M,0.98%
12/01/2021,217.6,220.0,215.32,14.87M,-0.40%
11/30/2021,218.02,219.5,214.1,23.08M,-1.37%
11/29/2021,219.02,222.1,218.4,11.26M,1.27%
11/26/2021,220.92,220.96,215.82,12.40M,-2.67%
11/25/2021,223.0,224.52,222.14,5.45M,0.28%
11/24/2021,223.0,225.24,220.0,11.96M,-0.05%
11/23/2021,217.96,223.6,213.72,15.52M,1.64%
11/22/2021,223.0,224.62,212.34,16.17M,-1.51%
11/19/2021,225.5,226.5,220.7,7.97M,-0.94%
11/18/2021,222.86,226.8,222.34,11.19M,0.62%
11/17/2021,224.66,224.66,222.28,6.24M,0.36%
11/16/2021,221.96,222.8,220.1,8.38M,0.55%
11/15/2021,219.2,223.28,215.4,14.57M,0.14%
11/12/2021,225.0,225.38,219.3,14.87M,-1.66%
11/11/2021,222.0,225.0,221.18,12.08M,1.33%
11/10/2021,227.0,228.18,221.5,11.79M,-2.35%
11/09/2021,223.08,229.38,221.28,16.42M,1.74%
11/08/2021,222.68,223.82,219.5,12.43M,0.72%
11/05/2021,223.0,223.42,219.22,10.12M,-1.37%
11/03/2021,225.4,225.4,222.22,8.59M,-0.13%
11/02/2021,227.7,228.1,224.1,7.97M,-1.18%
11/01/2021,223.9,227.92,223.62,9.18M,1.82%
10/29/2021,225.24,225.5,221.16,8.51M,-0.92%
10/28/2021,228.9,229.66,222.2,17.30M,-1.37%
10/27/2021,230.98,230.98,224.72,11.92M,-0.99%
10/26/2021,228.6,234.46,227.64,20.65M,0.99%
10/25/2021,227.0,228.9,225.76,12.87M,1.49%
10/22/2021,225.7,228.2,224.48,14.52M,-0.19%
10/21/2021,219.02,228.4,219.02,27.85M,2.37%
10/20/2021,221.6,222.3,217.04,14.32M,-0.68%
10/19/2021,220.64,224.06,218.22,18.90M,1.36%
10/18/2021,211.84,219.5,209.2,15.23M,3.63%
10/15/2021,216.9,217.62,210.1,14.03M,-1.92%
10/14/2021,215.5,216.4,214.5,8.68M,0.53%
10/13/2021,219.5,219.62,213.5,13.59M,-2.05%
10/12/2021,221.34,221.34,217.2,15.33M,-1.17%
10/11/2021,222.6,224.88,220.3,14.05M,-0.12%
10/08/2021,218.36,224.6,214.74,21.95M,2.02%
10/07/2021,212.6,217.66,212.36,19.05M,3.13%
10/06/2021,206.86,212.44,204.6,24.15M,1.53%
10/05/2021,204.48,209.0,200.72,22.61M,1.20%
10/04/2021,211.54,212.06,202.26,21.87M,-3.41%
10/01/2021,216.62,216.62,211.5,9.60M,-1.90%
09/30/2021,219.72,219.98,215.12,9.59M,-0.87%
09/29/2021,218.0,220.9,217.54,8.27M,0.05%
09/28/2021,223.5,223.76,216.7,9.61M,-2.12%
09/27/2021,225.5,227.2,221.88,8.13M,-0.61%
09/24/2021,224.3,227.6,221.88,9.98M,0.17%
09/23/2021,222.88,224.84,217.4,20.03M,1.49%
09/22/2021,215.9,222.0,214.54,11.91M,3.19%
09/21/2021,213.5,216.4,211.16,13.26M,0.77%
09/20/2021,219.0,222.86,211.02,18.51M,-3.95%
09/17/2021,227.16,227.2,220.22,15.01M,-2.44%
09/16/2021,230.24,230.74,225.3,10.34M,-1.60%
09/15/2021,228.2,233.12,224.2,14.40M,0.32%
09/14/2021,233.94,234.38,228.5,12.68M,-2.21%
09/13/2021,232.0,235.86,230.26,8.46M,1.51%
09/10/2021,227.0,232.92,225.5,13.98M,2.13%
09/09/2021,236.0,236.42,226.2,16.12M,-4.16%
09/08/2021,235.1,237.46,235.1,7.46M,0.03%
09/07/2021,238.42,238.48,234.8,6.47M,-0.50%
09/06/2021,233.88,237.94,232.18,17.22M,-3.63%
09/03/2021,244.5,247.96,244.12,17.41M,0.40%
09/02/2021,246.0,247.5,242.34,13.37M,-0.43%
09/01/2021,248.84,248.9,241.4,14.04M,-0.48%
08/31/2021,252.0,253.56,245.3,20.55M,-1.34%
08/30/2021,246.82,251.88,246.76,8.60M,1.70%
08/27/2021,242.02,246.76,240.68,7.68M,2.23%
08/26/2021,244.0,245.9,239.42,14.99M,-1.36%
08/25/2021,238.86,246.42,238.72,12.02M,2.21%
08/24/2021,240.1,241.66,237.5,8.93M,-0.23%
08/23/2021,239.52,240.62,236.2,9.54M,0.49%
08/20/2021,240.0,241.26,237.22,8.78M,-0.72%
08/19/2021,245.0,245.0,237.0,20.27M,-2.16%
08/18/2021,250.5,251.68,245.26,11.58M,-1.97%
08/17/2021,251.0,252.76,250.2,8.62M,-0.19%
08/16/2021,250.0,252.92,249.64,7.42M,0.14%
08/13/2021,252.68,252.68,249.4,7.90M,-0.53%
08/12/2021,254.3,254.3,251.36,7.54M,-0.87%
08/11/2021,256.04,257.5,252.7,9.30M,-0.87%
08/10/2021,254.82,257.68,252.78,7.87M,1.07%
08/09/2021,255.12,256.68,250.0,19.63M,-0.82%
08/06/2021,262.34,263.32,255.12,10.47M,-2.41%
08/05/2021,259.0,262.5,257.72,7.42M,1.71%
08/04/2021,258.48,259.74,257.04,7.71M,-0.02%
08/03/2021,256.0,258.96,256.0,7.00M,0.44%
08/02/2021,259.02,260.54,256.12,6.42M,-0.63%
07/30/2021,258.6,259.56,255.8,11.98M,0.06%
07/29/2021,257.0,258.98,255.3,9.40M,0.80%
07/28/2021,256.5,258.3,254.58,11.30M,-0.11%
07/27/2021,248.0,256.8,247.46,17.65M,3.10%
07/26/2021,245.96,249.08,245.1,7.77M,0.84%
07/23/2021,248.1,249.3,244.76,7.32M,-0.38%
07/22/2021,243.5,248.5,242.74,14.43M,2.10%
07/21/2021,241.44,242.98,239.22,8.19M,0.78%
07/20/2021,234.2,241.34,231.56,13.23M,3.11%
07/19/2021,237.0,238.12,230.82,10.28M,-2.11%
07/16/2021,242.0,244.36,236.68,11.68M,-1.08%
07/15/2021,236.0,242.34,235.92,10.34M,1.79%
07/14/2021,238.02,241.98,236.18,9.50M,-0.99%
07/13/2021,236.18,242.0,233.52,16.79M,1.44%
07/12/2021,234.3,236.42,230.3,9.12M,0.86%
07/09/2021,225.7,234.48,225.16,13.83M,3.40%
07/08/2021,229.84,232.56,223.7,10.83M,-1.13%
07/07/2021,222.02,229.4,222.02,9.85M,3.02%
07/06/2021,227.48,228.7,221.84,10.72M,-2.13%
07/05/2021,230.2,230.2,226.14,5.67M,-1.26%
07/02/2021,228.24,232.18,227.84,8.60M,0.48%
07/01/2021,230.78,232.6,227.0,7.31M,-0.91%
06/30/2021,226.26,230.78,224.7,12.93M,1.98%
06/29/2021,231.68,231.68,224.82,16.63M,-2.38%
06/28/2021,231.26,236.88,230.2,13.02M,0.17%
06/25/2021,234.4,236.44,226.22,26.53M,-1.76%
06/24/2021,246.4,247.7,230.6,31.00M,-4.53%
06/23/2021,249.0,250.92,245.04,9.50M,-0.97%
06/22/2021,252.0,253.48,248.14,11.16M,-3.83%
06/21/2021,260.06,260.5,253.82,15.68M,-0.62%
06/18/2021,260.0,261.68,255.94,14.20M,0.18%
06/17/2021,262.48,263.18,259.02,9.73M,-1.06%
06/16/2021,265.82,266.42,261.88,8.04M,-1.38%
06/15/2021,271.74,273.2,265.06,9.19M,-1.97%
06/14/2021,272.0,274.4,268.8,5.45M,0.04%
06/11/2021,265.6,275.56,263.9,13.41M,2.75%
06/10/2021,262.22,265.78,261.3,7.19M,0.92%
06/09/2021,262.0,262.74,259.6,7.41M,0.12%
06/08/2021,263.98,265.58,260.12,6.94M,-0.80%
06/07/2021,262.46,265.1,260.3,5.81M,0.41%
06/04/2021,263.86,263.86,257.04,8.05M,-0.30%
06/03/2021,265.94,267.96,261.8,6.86M,-0.84%
06/02/2021,266.62,267.96,262.7,9.32M,-0.26%
06/01/2021,262.1,266.64,262.04,11.04M,1.81%
05/31/2021,262.0,264.3,259.08,10.07M,-0.63%
05/28/2021,268.24,269.68,260.12,11.54M,-1.38%
05/27/2021,266.58,271.16,264.26,34.59M,0.14%
05/26/2021,276.22,278.36,264.64,16.66M,-3.22%
05/25/2021,273.4,276.06,272.78,7.18M,1.18%
05/24/2021,271.0,272.5,268.4,5.39M,0.79%
05/21/2021,272.8,272.88,268.5,6.77M,-0.54%
05/20/2021,265.8,273.06,265.8,8.31M,2.31%
05/19/2021,270.94,272.54,264.0,7.85M,-2.29%
05/18/2021,269.82,274.38,268.94,6.93M,1.18%
05/17/2021,269.78,270.1,266.38,4.44M,0.05%
05/14/2021,268.0,271.12,264.24,6.23M,-0.33%
05/13/2021,273.5,274.16,265.36,9.45M,-1.47%
05/12/2021,272.24,276.76,272.24,9.56M,0.24%
05/11/2021,272.0,273.78,270.1,7.41M,0.33%
05/10/2021,269.92,273.22,269.04,11.26M,-1.47%
05/07/2021,266.82,276.32,266.5,10.36M,3.15%
05/06/2021,271.56,272.8,264.68,11.96M,-1.07%
05/05/2021,266.02,270.98,263.12,6.97M,1.73%
05/04/2021,264.9,267.0,261.16,8.36M,0.46%
04/30/2021,269.02,270.76,263.2,9.09M,-2.29%
04/29/2021,270.08,273.34,267.52,6.31M,0.44%
04/28/2021,270.1,274.56,265.52,13.28M,-0.49%
04/27/2021,280.18,280.24,268.4,18.67M,-2.95%
04/26/2021,276.96,282.46,276.22,10.51M,1.45%
04/23/2021,274.08,276.2,272.34,6.71M,1.16%
04/22/2021,268.98,275.8,267.0,14.86M,1.42%
04/21/2021,260.08,268.78,260.08,12.60M,2.51%
04/20/2021,260.9,263.98,259.32,9.01M,0.08%
04/19/2021,266.14,270.7,259.04,15.49M,-1.68%
04/16/2021,255.16,266.06,254.62,12.58M,4.92%
04/15/2021,249.2,255.32,249.0,10.23M,0.74%
04/14/2021,255.2,256.88,249.74,9.28M,-1.27%
04/13/2021,255.5,260.64,253.0,14.93M,-0.08%
04/12/2021,245.0,255.88,244.24,13.76M,3.90%
04/09/2021,243.94,245.48,240.28,8.48M,0.61%
04/08/2021,241.94,244.7,240.2,8.75M,1.25%
04/07/2021,236.54,242.34,231.14,12.82M,1.71%
04/06/2021,235.16,239.9,235.16,8.06M,0.24%
04/05/2021,239.0,239.4,234.7,5.20M,-1.50%
04/02/2021,237.56,240.18,236.5,2.74M,1.18%
04/01/2021,242.2,244.88,235.14,11.02M,-2.06%
03/31/2021,236.2,244.18,234.9,15.06M,2.99%
03/30/2021,229.7,236.2,229.7,10.85M,2.48%
03/29/2021,225.42,230.0,223.28,9.11M,1.97%
03/26/2021,219.02,225.98,218.72,12.43M,3.10%
03/25/2021,215.5,219.08,215.5,7.75M,1.26%
03/24/2021,212.54,217.88,210.82,8.68M,1.42%
03/23/2021,219.26,219.26,211.86,10.68M,-2.57%
03/22/2021,218.1,219.4,217.0,5.21M,-0.12%
03/19/2021,216.0,221.2,215.1,13.48M,1.07%
03/18/2021,216.0,219.94,215.54,11.00M,0.40%
03/17/2021,215.86,217.48,212.78,9.15M,-0.02%
03/16/2021,218.58,218.58,213.52,10.56M,-1.18%
03/15/2021,214.72,219.76,214.72,18.14M,0.82%
03/12/2021,214.5,216.24,211.5,8.11M,1.06%
03/11/2021,209.38,213.78,209.14,10.44M,2.42%
03/10/2021,210.2,210.58,206.64,8.91M,-0.72%
03/09/2021,213.68,215.0,206.5,14.13M,-1.45%
03/05/2021,218.06,218.14,208.8,25.69M,-1.32%
03/04/2021,227.0,227.32,215.9,12.64M,-4.69%
03/03/2021,222.32,228.96,222.32,11.69M,2.07%
03/02/2021,223.1,225.0,221.2,6.50M,-0.89%
03/01/2021,224.34,224.84,219.2,8.08M,0.94%
02/26/2021,215.54,226.2,215.0,19.22M,2.23%
02/25/2021,211.94,220.54,211.66,11.82M,2.52%
02/24/2021,212.94,214.4,209.7,10.81M,-1.26%
02/22/2021,210.0,215.3,208.36,8.66M,2.45%
02/20/2021,209.22,211.2,207.66,2.05M,0.38%
02/19/2021,203.5,209.22,202.1,7.80M,1.96%
02/18/2021,207.42,207.42,203.4,5.75M,-1.29%
02/17/2021,208.12,209.6,204.5,7.57M,-0.37%
02/16/2021,208.48,209.42,206.18,5.66M,0.33%
02/15/2021,208.82,209.92,205.08,7.80M,-0.37%
02/12/2021,206.5,208.32,200.64,8.18M,0.82%
02/11/2021,207.72,209.98,205.8,8.15M,-0.36%
02/10/2021,208.52,208.82,204.74,6.60M,-0.22%
02/09/2021,213.02,214.3,205.7,8.26M,-2.52%
02/08/2021,211.82,213.1,210.34,3.89M,0.90%
02/05/2021,213.0,213.26,209.12,3.71M,-0.64%
02/04/2021,213.4,214.58,210.9,6.91M,-0.41%
02/03/2021,213.08,214.18,211.56,7.47M,0.47%
02/02/2021,212.02,215.38,211.82,9.11M,0.33%
02/01/2021,211.54,213.82,210.04,5.08M,0.61%
01/29/2021,215.02,215.02,209.1,11.05M,-2.16%
01/28/2021,216.6,217.18,212.98,8.50M,-1.25%
01/27/2021,220.1,221.4,216.6,7.82M,-0.64%
01/26/2021,220.3,222.28,218.0,4.31M,-0.52%
01/25/2021,221.8,222.2,218.0,6.63M,-0.14%
01/22/2021,221.5,222.18,216.42,8.92M,-1.02%
01/21/2021,224.8,225.7,219.5,7.99M,-0.44%
01/20/2021,220.52,224.5,218.88,9.04M,2.14%
01/19/2021,220.96,222.0,217.72,6.51M,0.06%
01/18/2021,221.56,221.92,217.76,5.23M,-0.21%
01/15/2021,222.0,226.3,218.1,9.77M,-1.48%
01/14/2021,213.02,225.24,211.34,16.20M,3.79%
01/13/2021,218.76,219.2,211.88,9.12M,-1.69%
01/12/2021,219.6,221.0,216.2,7.26M,-0.45%
01/11/2021,224.72,226.26,215.38,12.03M,-2.66%
01/08/2021,216.8,226.6,215.34,13.38M,4.40%
01/06/2021,217.3,218.32,213.9,4.71M,-0.46%
01/05/2021,214.1,217.3,213.76,7.64M,1.24%
01/04/2021,208.92,216.78,208.92,7.26M,2.57%
12/30/2020,210.02,211.82,205.56,12.08M,-0.46%
12/29/2020,219.58,220.74,207.42,18.03M,-4.81%
12/28/2020,218.3,221.48,218.1,10.80M,-1.77%
12/25/2020,220.0,225.44,220.0,12.10M,2.07%
12/24/2020,218.98,220.64,217.4,6.80M,0.72%
12/23/2020,216.98,219.5,216.22,5.86M,0.47%
12/22/2020,210.0,217.9,209.08,10.60M,3.23%
12/21/2020,213.0,214.4,206.5,9.87M,-1.38%
12/18/2020,213.14,214.48,210.24,9.05M,0.08%
12/17/2020,214.9,216.4,211.64,7.30M,-0.59%
12/16/2020,212.9,215.94,211.8,9.68M,1.48%
12/15/2020,210.12,214.48,207.32,10.26M,0.10%
12/14/2020,206.0,212.8,205.28,14.16M,3.23%
12/11/2020,200.54,205.52,200.54,11.52M,1.69%
12/10/2020,197.8,201.4,197.5,7.33M,1.95%
12/09/2020,198.5,201.22,196.78,14.88M,-0.52%
12/08/2020,196.98,200.0,196.04,13.50M,0.95%
12/07/2020,192.28,198.98,191.1,14.71M,2.11%
12/04/2020,191.92,193.56,189.02,11.46M,0.72%
12/03/2020,192.42,194.9,189.26,26.78M,-1.93%
12/02/2020,196.3,203.5,193.2,17.10M,-0.80%
12/01/2020,193.94,198.2,193.02,6.92M,1.93%
11/30/2020,197.98,198.46,191.24,15.52M,-2.90%
11/27/2020,196.84,199.48,196.1,3.26M,0.63%
11/26/2020,194.5,198.22,193.98,5.24M,1.38%
11/25/2020,193.98,195.6,191.7,4.53M,0.53%
11/24/2020,190.22,193.9,189.76,3.76M,1.63%
11/23/2020,191.5,193.9,188.7,5.16M,-0.52%
11/20/2020,191.5,192.2,189.76,2.86M,0.18%
11/19/2020,192.0,193.8,190.2,4.61M,-0.83%
11/18/2020,195.2,196.18,190.72,10.03M,-1.76%
11/17/2020,202.64,202.76,193.8,9.98M,-3.22%
11/16/2020,199.0,202.86,198.0,10.06M,2.46%
11/13/2020,192.7,198.52,192.7,5.43M,2.19%
11/12/2020,193.0,194.98,191.72,10.34M,-0.49%
11/11/2020,191.62,195.1,191.62,5.49M,1.05%
11/10/2020,192.34,193.1,190.38,5.79M,0.28%
11/09/2020,190.9,193.66,188.0,7.74M,1.26%
11/06/2020,186.0,189.58,184.0,7.80M,1.59%
11/05/2020,193.44,194.24,185.7,12.47M,-2.13%
11/03/2020,190.08,191.32,188.2,6.44M,1.28%
11/02/2020,185.1,189.24,183.24,7.04M,1.67%
10/30/2020,180.0,186.4,177.8,9.14M,2.22%
10/29/2020,179.44,182.5,177.36,5.98M,1.25%
10/28/2020,181.16,181.84,175.62,7.95M,-0.99%
10/27/2020,179.8,184.18,179.24,6.89M,0.55%
10/26/2020,179.88,181.0,178.02,4.78M,0.08%
10/23/2020,180.4,181.92,178.7,7.04M,-0.41%
10/22/2020,170.7,182.22,170.7,13.29M,5.27%
10/21/2020,172.86,173.34,170.4,4.43M,-0.65%
10/20/2020,169.74,172.62,169.74,2.85M,1.29%
10/19/2020,170.88,171.7,168.02,2.13M,-0.25%
10/16/2020,170.76,171.9,169.64,4.07M,-0.11%
10/15/2020,169.7,171.38,168.68,4.02M,0.62%
10/14/2020,168.66,170.5,167.12,5.18M,0.83%
10/13/2020,172.72,173.3,167.8,3.66M,-2.89%
10/12/2020,169.26,173.52,169.0,4.04M,2.40%
10/09/2020,170.44,171.86,167.02,6.07M,-2.90%
10/08/2020,172.32,175.4,172.1,8.43M,1.04%
10/07/2020,173.5,174.36,170.84,5.32M,-0.42%
10/06/2020,173.62,174.78,172.36,3.85M,-0.40%
10/05/2020,173.92,174.76,171.94,3.79M,0.25%
10/02/2020,171.1,174.6,171.0,3.29M,1.13%
10/01/2020,172.6,174.0,171.0,2.36M,-0.28%
09/30/2020,174.54,175.98,171.52,5.15M,-1.71%
09/29/2020,171.6,175.16,171.06,5.55M,1.83%
09/28/2020,168.7,172.0,168.36,5.75M,1.95%
09/25/2020,167.96,169.0,166.54,3.36M,0.63%
09/24/2020,165.52,168.28,163.26,6.08M,1.47%
09/23/2020,167.0,168.86,165.0,6.96M,-0.97%
09/22/2020,165.62,168.1,165.4,4.99M,0.18%
09/21/2020,166.04,167.48,164.72,3.94M,-0.16%
09/18/2020,168.5,168.72,165.42,6.42M,-0.96%
09/17/2020,166.72,168.96,166.1,4.98M,0.66%
09/16/2020,167.5,169.08,165.64,6.59M,-1.05%
09/15/2020,167.4,169.44,165.96,5.75M,1.43%
09/14/2020,164.0,167.1,162.84,6.43M,2.22%
09/11/2020,160.3,164.66,159.02,6.34M,1.58%
09/10/2020,159.34,161.96,156.88,9.76M,0.36%
09/09/2020,158.52,160.56,158.1,7.42M,0.55%
09/08/2020,160.02,161.0,158.52,6.40M,-0.76%
09/07/2020,161.8,162.48,159.44,3.78M,-1.42%
09/04/2020,161.5,162.94,160.22,4.47M,0.36%
09/03/2020,161.26,163.74,161.06,6.57M,0.01%
09/02/2020,161.22,163.38,160.48,10.43M,0.38%
09/01/2020,155.5,161.76,152.4,9.15M,4.40%
08/31/2020,156.4,157.64,154.08,8.71M,-1.04%
08/28/2020,159.66,159.66,155.38,6.00M,-1.71%
08/27/2020,159.84,160.94,157.54,6.37M,-0.61%
08/26/2020,160.74,161.3,158.82,4.47M,-0.51%
08/25/2020,160.22,160.94,159.28,4.38M,0.27%
08/24/2020,160.04,161.98,159.32,3.79M,0.16%
08/21/2020,161.18,161.34,158.08,4.33M,-0.65%
08/20/2020,159.86,161.86,159.08,4.11M,0.40%
08/19/2020,160.12,162.18,159.34,4.36M,0.40%
08/18/2020,159.98,161.78,158.76,6.06M,-0.01%
08/17/2020,161.34,161.86,157.72,6.12M,-0.49%
08/14/2020,160.26,160.48,158.92,4.80M,0.45%
08/13/2020,163.24,166.98,159.28,7.67M,-1.98%
08/12/2020,157.52,163.04,157.26,7.57M,3.19%
08/11/2020,154.6,159.84,153.84,8.74M,2.29%
08/10/2020,149.22,154.74,149.22,8.52M,3.28%
08/07/2020,149.22,149.82,146.52,5.09M,0.23%
08/06/2020,148.7,150.5,147.72,7.02M,0.31%
08/05/2020,149.54,149.68,148.08,7.06M,-0.27%
08/04/2020,145.0,149.62,144.52,9.94M,3.06%
08/03/2020,145.52,146.8,144.52,3.50M,-0.71%
07/31/2020,145.88,146.0,142.58,5.84M,0.30%
07/30/2020,147.16,147.36,142.78,7.32M,-1.20%
07/29/2020,146.52,147.84,144.5,5.40M,0.12%
07/28/2020,145.88,149.2,145.38,6.69M,0.80%
07/27/2020,144.46,145.98,143.46,6.03M,1.29%
07/24/2020,141.0,144.5,140.22,6.15M,1.54%
07/23/2020,141.54,143.9,140.84,4.54M,0.34%
07/22/2020,139.96,142.08,139.18,5.07M,1.13%
07/21/2020,138.5,141.28,138.2,3.72M,0.81%
07/20/2020,137.06,139.26,136.68,2.27M,0.54%
07/17/2020,138.3,138.92,136.94,1.69M,-0.40%
07/16/2020,137.86,138.96,136.6,2.13M,-0.30%
07/15/2020,137.16,139.26,136.68,3.52M,1.18%
07/14/2020,135.5,137.9,133.4,4.77M,1.08%
07/13/2020,135.68,138.2,135.0,3.13M,0.00%
07/10/2020,136.72,136.86,134.36,5.81M,-3.27%
07/09/2020,142.44,142.82,138.92,5.68M,-1.79%
07/08/2020,142.94,143.46,141.78,2.87M,-0.36%
07/07/2020,144.94,144.94,143.02,4.34M,-0.47%
07/06/2020,144.04,144.98,143.32,3.33M,0.54%
07/03/2020,141.28,143.82,140.62,4.02M,1.49%
07/02/2020,141.1,141.4,140.1,3.01M,0.16%
06/30/2020,139.44,141.46,138.86,5.72M,1.34%
06/29/2020,136.9,139.32,136.86,3.09M,1.27%
06/26/2020,138.4,138.96,136.78,2.46M,-0.77%
06/25/2020,138.06,138.38,136.5,4.51M,-0.40%
06/23/2020,138.4,140.14,138.02,3.65M,0.42%
06/22/2020,138.6,138.86,136.34,4.57M,-0.39%
06/19/2020,138.42,139.6,138.02,7.76M,0.75%
06/18/2020,136.6,139.0,136.16,9.26M,0.39%
06/17/2020,134.66,137.72,134.16,8.37M,2.94%
06/16/2020,132.36,134.9,132.36,7.94M,1.41%
06/15/2020,134.22,134.5,130.92,7.93M,-3.02%
06/11/2020,137.3,137.46,134.82,3.77M,-2.21%
06/10/2020,137.0,139.3,136.12,5.57M,1.21%
06/09/2020,138.02,138.78,135.92,6.29M,-0.42%
06/08/2020,139.88,140.0,137.1,6.72M,-3.11%
06/05/2020,138.88,144.16,138.22,8.86M,2.26%
06/04/2020,140.38,140.88,136.72,10.96M,-0.73%
06/03/2020,138.48,140.74,137.68,6.40M,1.24%
06/02/2020,137.4,138.24,136.36,5.62M,0.32%
06/01/2020,138.3,139.0,136.8,4.50M,-0.03%
05/29/2020,139.16,139.16,134.72,16.49M,-0.75%
05/28/2020,137.96,139.26,135.94,7.79M,2.28%
05/27/2020,134.02,138.26,134.02,9.71M,1.27%
05/26/2020,132.9,136.44,132.2,13.40M,1.36%
05/25/2020,128.5,132.48,128.44,5.99M,3.06%
05/22/2020,125.02,128.36,124.32,7.15M,2.05%
05/21/2020,128.02,129.28,125.06,5.39M,-1.87%
05/20/2020,125.02,128.6,124.4,8.55M,2.46%
05/19/2020,124.04,126.26,123.2,8.99M,0.30%
05/18/2020,119.98,124.64,119.5,8.60M,5.27%
05/15/2020,118.32,120.22,117.52,5.23M,0.95%
05/14/2020,118.1,118.92,116.02,7.33M,-0.81%
05/13/2020,122.02,122.12,118.24,5.56M,-3.16%
05/12/2020,124.3,124.48,122.1,7.64M,-2.32%
05/08/2020,125.22,125.58,123.92,3.77M,0.08%
05/07/2020,124.5,126.58,124.12,5.00M,0.68%
05/06/2020,125.8,126.1,124.06,4.44M,-0.82%
05/05/2020,125.98,126.4,124.7,3.25M,0.22%
05/04/2020,127.68,127.68,123.9,5.36M,-2.76%
04/30/2020,127.64,128.4,125.94,6.84M,0.98%
04/29/2020,126.02,128.3,125.08,5.29M,1.19%
04/28/2020,123.0,126.46,122.4,8.69M,1.98%
04/27/2020,124.72,125.88,123.16,6.45M,-1.35%
04/24/2020,127.58,127.58,124.4,9.87M,-2.06%
04/23/2020,126.3,128.34,125.4,6.06M,1.56%
04/22/2020,124.44,127.48,124.44,8.74M,0.50%
04/21/2020,126.0,126.36,124.3,10.86M,-2.05%
04/20/2020,125.58,128.36,125.56,6.81M,1.11%
04/17/2020,127.3,127.98,125.52,5.66M,0.48%
04/16/2020,125.66,127.48,124.58,7.91M,0.14%
04/15/2020,128.04,128.9,124.2,6.70M,-2.88%
04/14/2020,130.72,131.96,129.0,6.83M,-0.68%
04/13/2020,132.5,132.58,128.7,3.37M,-1.26%
04/10/2020,132.02,132.08,131.0,1.89M,-1.41%
04/09/2020,133.72,134.6,130.4,7.47M,0.35%
04/08/2020,131.12,133.0,129.14,8.25M,0.57%
04/07/2020,132.14,132.78,131.12,8.08M,1.72%
04/06/2020,126.04,131.4,124.62,8.14M,4.13%
04/03/2020,122.4,124.98,121.12,9.40M,1.74%
04/02/2020,124.64,125.92,118.74,12.14M,-0.08%
04/01/2020,122.0,124.18,121.28,7.56M,-0.97%
03/31/2020,120.78,125.3,119.98,9.47M,4.39%
03/30/2020,114.0,118.78,113.4,5.90M,2.04%
03/27/2020,120.02,120.38,115.12,6.28M,-2.81%
03/26/2020,121.96,122.44,118.56,10.14M,-1.93%
03/25/2020,118.0,125.48,117.7,18.72M,5.20%
03/24/2020,111.0,117.34,111.0,14.17M,7.12%
03/23/2020,108.56,110.88,106.5,9.08M,-2.87%
03/20/2020,110.9,113.48,109.44,16.37M,2.90%
03/19/2020,102.0,110.86,100.0,19.55M,7.24%
03/18/2020,106.68,107.98,101.1,10.35M,-6.22%
03/17/2020,109.28,113.0,104.0,11.10M,-0.88%
03/16/2020,111.0,112.0,105.5,12.71M,-0.71%
03/13/2020,111.2,116.88,109.54,13.06M,-1.44%
03/12/2020,116.0,117.5,109.8,14.73M,-7.92%
03/11/2020,119.9,122.94,117.02,16.94M,2.25%
03/10/2020,107.6,123.94,100.82,18.42M,-1.27%
03/06/2020,123.0,123.44,117.6,12.19M,-3.88%
03/05/2020,124.44,124.84,121.74,8.79M,0.99%
03/04/2020,121.42,123.9,120.28,8.03M,0.65%
03/03/2020,123.5,124.48,121.12,9.96M,0.15%
03/02/2020,130.0,130.0,119.14,16.70M,-2.21%
02/28/2020,127.0,130.76,123.16,20.89M,-4.92%
02/27/2020,136.0,136.4,131.4,8.00M,-3.91%
02/26/2020,137.82,137.98,134.5,9.92M,-0.71%
02/25/2020,137.96,139.9,137.68,8.05M,-1.50%
02/21/2020,139.8,140.76,138.86,5.85M,-0.11%
02/20/2020,139.52,141.1,139.3,4.42M,0.62%
02/19/2020,140.0,140.44,137.2,4.98M,0.16%
02/18/2020,139.6,141.36,138.6,5.73M,-1.08%
02/17/2020,140.8,141.86,139.68,2.04M,0.07%
02/14/2020,139.14,141.22,138.3,5.48M,0.85%
02/13/2020,140.3,140.9,138.84,5.71M,-1.49%
02/12/2020,137.5,142.24,136.1,13.25M,2.94%
02/11/2020,138.5,139.34,136.8,6.72M,-0.28%
02/10/2020,140.18,141.28,134.64,7.66M,-1.71%
02/07/2020,139.02,140.06,137.5,5.20M,0.39%
02/06/2020,139.5,140.44,138.2,6.13M,0.45%
02/05/2020,138.82,140.0,137.22,8.56M,0.29%
02/04/2020,136.52,139.1,136.52,6.49M,1.79%
02/03/2020,137.48,138.66,135.6,8.15M,-1.46%
01/31/2020,144.18,144.66,138.0,11.34M,-4.05%
01/30/2020,143.5,144.52,142.54,2.77M,-0.26%
01/29/2020,145.06,145.06,143.32,4.13M,0.06%
01/28/2020,143.0,144.64,142.64,4.07M,0.67%
01/27/2020,144.22,144.38,140.5,5.49M,-1.27%
01/24/2020,145.2,146.18,144.56,2.71M,0.55%
01/23/2020,143.52,145.66,142.94,4.32M,0.11%
01/22/2020,147.36,148.1,143.52,8.90M,-2.25%
01/21/2020,148.38,148.68,145.78,5.49M,-0.95%
01/20/2020,150.26,152.0,148.1,7.71M,-0.95%
01/17/2020,148.8,150.5,148.0,5.81M,1.78%
01/16/2020,146.72,149.3,146.72,5.99M,0.74%
01/15/2020,146.9,148.76,145.24,6.51M,-0.29%
01/14/2020,147.08,151.46,146.22,11.51M,0.05%
01/13/2020,143.98,146.98,142.48,7.15M,2.24%
01/10/2020,142.16,145.12,140.8,9.44M,1.17%
01/09/2020,139.14,143.6,139.14,10.11M,1.76%
01/08/2020,139.0,139.5,137.8,9.33M,-1.72%
01/06/2020,144.5,144.5,140.88,6.60M,-1.77%
01/03/2020,143.98,144.74,143.3,4.58M,0.54%
12/30/2019,143.36,143.98,142.5,3.60M,0.21%
12/27/2019,143.0,144.68,142.64,3.66M,0.28%
12/26/2019,141.88,143.1,140.88,2.41M,0.86%
12/25/2019,142.44,142.44,141.06,1.21M,-0.11%
12/24/2019,142.8,143.16,141.62,1.68M,-0.41%
12/23/2019,142.3,143.5,141.36,3.81M,0.06%
12/20/2019,142.18,142.62,140.14,5.50M,0.76%
12/19/2019,139.9,142.7,138.76,11.45M,1.06%
12/18/2019,139.02,139.9,138.1,6.00M,0.36%
12/17/2019,139.2,139.9,137.12,7.79M,0.17%
12/16/2019,137.56,139.6,137.56,7.70M,0.91%
12/13/2019,136.1,137.98,135.9,12.89M,1.80%
12/12/2019,134.0,136.82,133.72,7.87M,1.17%
12/11/2019,132.8,135.0,132.46,7.40M,0.83%
12/10/2019,133.0,133.18,131.52,4.59M,-0.03%
12/09/2019,132.98,133.58,132.58,4.11M,-0.12%
12/06/2019,132.0,133.0,130.84,5.36M,0.91%
12/05/2019,129.06,132.8,128.04,10.99M,2.28%
12/04/2019,128.68,129.38,127.62,3.30M,0.64%
12/03/2019,131.82,131.92,127.6,10.87M,-2.65%
12/02/2019,129.56,133.26,129.3,12.20M,1.62%
11/29/2019,128.42,129.42,127.7,3.45M,0.87%
11/28/2019,127.82,129.28,126.9,3.48M,0.39%
11/27/2019,128.84,129.38,127.72,4.70M,-0.30%
11/26/2019,130.34,132.46,127.86,11.58M,-2.08%
11/25/2019,128.3,131.1,128.08,5.45M,2.41%
11/22/2019,126.54,128.1,126.14,3.54M,1.06%
11/21/2019,127.94,128.08,126.12,5.67M,-1.39%
11/20/2019,128.06,129.18,127.44,3.35M,-0.25%
11/19/2019,126.96,128.58,126.4,5.15M,1.47%
11/18/2019,127.1,128.22,125.92,4.68M,0.06%
11/15/2019,126.36,127.66,126.1,4.46M,0.56%
11/14/2019,129.12,129.4,125.8,7.80M,-2.52%
11/13/2019,129.44,129.66,127.68,3.99M,-0.08%
11/12/2019,128.7,130.1,128.04,3.70M,0.28%
11/11/2019,130.8,132.5,128.6,5.46M,-1.60%
11/08/2019,133.0,133.1,130.84,6.21M,-1.64%
11/07/2019,131.46,133.7,129.92,8.79M,1.54%
11/06/2019,129.0,131.6,129.0,8.40M,1.69%
11/05/2019,127.0,129.02,126.74,7.20M,2.28%
11/01/2019,125.64,126.14,124.32,5.16M,0.88%
10/31/2019,127.44,129.0,125.04,7.91M,-1.93%
10/30/2019,129.2,129.2,126.9,4.51M,-1.32%
10/29/2019,124.94,129.2,124.26,8.66M,3.81%
10/28/2019,123.2,125.66,122.7,5.69M,0.84%
10/25/2019,125.0,125.0,122.16,9.69M,-1.26%
10/24/2019,126.0,126.5,124.32,7.56M,-0.79%
10/23/2019,126.62,127.16,124.98,5.79M,-0.49%
10/22/2019,126.6,127.46,125.28,5.22M,0.02%
10/21/2019,129.0,129.48,125.72,6.41M,-1.71%
10/18/2019,129.5,129.78,127.6,5.07M,-0.46%
10/17/2019,128.66,129.8,128.16,4.29M,0.65%
10/16/2019,125.7,129.02,125.6,5.64M,2.42%
10/15/2019,129.5,129.5,124.3,10.40M,-2.74%
10/14/2019,130.84,131.5,128.14,5.11M,-0.75%
10/11/2019,131.2,131.2,129.84,4.01M,-0.69%
10/10/2019,128.32,131.54,127.16,5.51M,2.30%
10/09/2019,128.08,129.26,127.38,7.52M,-2.72%
10/08/2019,131.96,133.14,130.7,6.70M,0.12%
10/07/2019,132.44,132.98,129.74,8.41M,-0.35%
10/04/2019,134.2,135.2,130.9,8.52M,-1.58%
10/03/2019,136.6,136.62,133.1,11.60M,-1.83%
10/02/2019,140.6,140.82,136.06,11.48M,-2.92%
10/01/2019,142.3,142.56,140.32,4.26M,-1.14%
09/30/2019,142.42,142.56,140.42,3.70M,0.17%
09/27/2019,141.24,142.7,141.14,2.92M,0.21%
09/26/2019,141.4,142.34,141.0,3.23M,0.43%
09/25/2019,142.1,142.52,140.12,6.04M,-1.12%
09/24/2019,142.96,144.4,142.14,3.73M,0.20%
09/23/2019,144.96,145.22,142.1,6.23M,-1.59%
09/20/2019,144.96,145.26,143.06,7.24M,0.01%
09/19/2019,146.96,147.6,144.04,9.01M,-1.55%
09/18/2019,149.38,150.36,146.28,8.05M,-1.49%
09/17/2019,148.68,149.78,148.14,5.97M,0.19%
09/16/2019,148.4,149.0,146.66,4.96M,0.30%
09/13/2019,147.24,148.46,145.68,4.37M,0.47%
09/12/2019,149.4,150.4,146.82,6.16M,-1.47%
09/11/2019,148.5,150.96,148.5,4.43M,0.66%
09/10/2019,149.2,149.44,147.34,3.17M,-0.01%
09/09/2019,147.66,149.0,146.66,5.54M,1.60%
09/06/2019,145.76,147.7,144.58,4.33M,0.84%
09/05/2019,144.04,145.48,144.04,4.87M,1.00%
09/04/2019,144.5,145.62,143.02,6.13M,0.00%
09/03/2019,147.7,147.7,143.82,6.86M,-2.51%
09/02/2019,148.82,149.62,147.22,3.80M,-0.77%
08/30/2019,146.2,148.84,144.5,5.17M,1.74%
08/29/2019,143.56,146.92,143.38,5.40M,1.91%
08/28/2019,143.1,144.74,143.0,3.93M,0.21%
08/27/2019,142.2,144.0,141.7,7.46M,0.79%
08/26/2019,141.3,143.2,140.88,1.98M,-0.18%
08/23/2019,141.0,143.0,140.8,4.60M,1.17%
08/22/2019,141.08,142.2,140.3,4.48M,-0.34%
08/21/2019,140.4,141.94,139.52,3.80M,0.89%
08/20/2019,140.0,140.78,139.0,3.25M,0.07%
08/19/2019,139.32,140.44,138.06,4.27M,1.16%
08/16/2019,140.0,140.4,138.0,3.77M,-0.75%
08/15/2019,141.48,142.68,139.02,5.49M,-1.44%
08/14/2019,142.68,142.68,138.8,7.50M,-0.30%
08/13/2019,143.5,143.5,141.22,4.52M,-1.18%
08/12/2019,142.76,143.7,141.82,3.62M,0.73%
08/09/2019,145.18,145.4,141.56,4.71M,-1.47%
08/08/2019,145.1,146.16,144.58,3.07M,-0.21%
08/07/2019,145.0,146.24,143.64,4.22M,0.06%
08/06/2019,145.54,146.8,144.8,4.64M,-0.51%
08/05/2019,146.8,147.16,145.0,4.41M,-1.14%
08/02/2019,148.6,149.28,146.4,6.74M,-1.74%
08/01/2019,150.22,150.88,148.42,6.16M,-0.72%
07/31/2019,150.78,151.54,150.0,4.56M,0.28%
07/30/2019,152.0,152.0,150.02,4.05M,-0.66%
07/29/2019,152.4,152.4,149.84,5.67M,-0.21%
07/26/2019,154.1,154.5,151.8,4.74M,-1.54%
07/25/2019,154.2,154.68,153.1,2.37M,-0.19%
07/24/2019,156.38,156.74,153.28,3.68M,-1.06%
07/23/2019,156.44,156.98,155.4,2.26M,0.28%
07/22/2019,155.48,157.28,155.06,2.98M,0.10%
07/19/2019,156.06,156.76,155.52,5.14M,-0.27%
07/18/2019,156.4,156.8,154.42,4.74M,-0.27%
07/17/2019,155.76,156.68,155.06,4.24M,0.24%
07/16/2019,154.0,156.38,153.7,7.26M,1.23%
07/15/2019,152.52,154.76,151.92,5.92M,1.43%
07/12/2019,152.62,152.78,151.02,5.01M,-0.38%
07/11/2019,156.32,156.5,151.28,7.62M,-2.02%
07/10/2019,157.4,158.04,153.12,9.23M,-1.24%
07/09/2019,158.5,158.8,157.04,6.70M,-0.58%
07/08/2019,156.82,158.52,156.4,5.42M,1.08%
07/05/2019,157.72,158.0,156.3,4.50M,-0.31%
07/04/2019,157.7,158.5,156.52,8.79M,-0.24%
07/03/2019,160.74,160.74,157.66,10.65M,-1.68%
07/02/2019,159.08,161.08,159.04,5.41M,0.87%
07/01/2019,160.96,161.32,158.6,6.04M,-0.44%
06/28/2019,162.4,163.0,159.64,25.12M,-6.33%
06/27/2019,167.76,170.9,167.68,4.28M,2.10%
06/26/2019,171.58,172.0,167.0,5.99M,-2.32%
06/25/2019,168.04,171.0,167.6,6.13M,1.76%
06/24/2019,171.64,173.68,167.78,4.57M,-2.15%
06/21/2019,171.16,171.78,169.22,5.85M,0.19%
06/20/2019,173.84,174.98,169.88,8.64M,-1.03%
06/19/2019,175.86,178.26,172.02,3.95M,-1.36%
06/18/2019,175.0,175.54,170.76,6.05M,-3.55%
06/17/2019,183.06,183.94,181.88,5.77M,-0.66%
06/14/2019,181.06,185.42,181.06,5.11M,0.66%
06/13/2019,177.6,183.18,177.1,5.90M,2.24%
06/11/2019,173.62,178.02,172.96,3.90M,2.77%
06/10/2019,172.74,174.16,172.22,1.51M,0.41%
06/07/2019,173.8,174.2,172.04,1.69M,-0.66%
06/06/2019,170.5,174.5,169.6,2.28M,1.83%
06/05/2019,172.88,174.58,170.54,2.87M,-0.99%
06/04/2019,173.0,174.62,171.52,2.41M,-0.44%
06/03/2019,171.64,173.0,169.54,2.75M,0.39%
05/31/2019,172.2,172.32,169.78,2.48M,-0.32%
05/30/2019,170.6,172.88,170.36,3.36M,1.23%
05/29/2019,170.64,171.38,169.46,2.90M,-0.42%
05/28/2019,165.12,171.5,164.94,9.05M,4.03%
05/27/2019,164.0,165.08,163.4,1.19M,0.52%
05/24/2019,161.54,165.48,161.22,4.72M,2.12%
05/23/2019,162.34,163.28,160.42,3.37M,-1.17%
05/22/2019,160.7,164.1,160.12,4.44M,0.81%
05/21/2019,158.38,161.96,157.26,3.15M,2.17%
05/20/2019,156.5,158.86,156.1,1.95M,0.87%
05/17/2019,158.02,159.0,156.42,2.63M,-1.36%
05/16/2019,158.6,159.76,157.42,2.44M,0.04%
05/15/2019,159.0,160.98,158.08,2.77M,-0.10%
05/14/2019,159.26,161.34,158.56,3.59M,-0.51%
05/13/2019,162.58,164.22,159.4,3.13M,-1.89%
05/10/2019,166.68,166.7,162.18,4.42M,-3.59%
05/08/2019,170.34,170.68,168.06,3.49M,-1.38%
05/07/2019,169.78,171.0,168.2,3.01M,0.38%
05/06/2019,169.48,170.36,168.0,2.05M,0.51%
05/03/2019,170.14,170.84,169.3,3.00M,-3.19%
05/02/2019,170.52,175.14,170.14,6.16M,2.33%
04/30/2019,171.6,171.78,169.84,3.29M,0.08%
04/29/2019,174.0,175.18,170.96,3.05M,-1.97%
04/26/2019,170.32,174.4,170.02,3.28M,2.40%
04/25/2019,170.36,171.72,169.46,2.89M,-0.04%
04/24/2019,171.5,172.2,169.2,3.84M,-0.65%
04/23/2019,175.0,176.3,170.68,3.92M,-1.76%
04/22/2019,174.5,174.96,173.6,743.32K,0.16%
04/19/2019,173.0,174.4,172.98,718.48K,0.60%
04/18/2019,171.4,173.26,171.26,1.18M,1.09%
04/17/2019,172.72,174.5,171.3,1.51M,-0.75%
04/16/2019,169.16,173.7,168.7,2.70M,2.49%
04/15/2019,172.7,173.36,168.1,2.60M,-2.23%
04/12/2019,169.4,175.38,167.92,6.66M,2.34%
04/11/2019,171.92,172.94,167.8,3.16M,-2.47%
04/10/2019,172.5,173.96,171.82,1.80M,0.10%
04/09/2019,174.06,175.34,171.6,2.28M,-1.17%
04/08/2019,174.64,176.68,174.02,2.49M,0.31%
04/05/2019,174.56,175.3,173.56,1.37M,-0.01%
04/04/2019,173.1,174.4,171.26,1.97M,0.68%
04/03/2019,174.24,175.74,172.76,2.47M,-1.08%
04/02/2019,172.04,175.22,172.04,2.59M,1.23%
04/01/2019,170.6,173.98,170.22,2.97M,1.22%
03/29/2019,170.0,171.58,169.32,2.71M,0.18%
03/28/2019,166.9,170.86,166.9,3.22M,1.73%
03/27/2019,167.88,168.5,166.7,2.19M,-0.35%
03/26/2019,165.7,168.1,164.54,2.60M,1.38%
03/25/2019,165.86,166.48,165.1,1.82M,-0.66%
03/22/2019,168.66,168.88,166.06,3.69M,-1.15%
03/21/2019,167.94,168.92,166.78,3.50M,0.61%
03/20/2019,168.26,169.38,167.02,2.83M,-0.99%
03/19/2019,170.7,171.52,168.04,4.37M,-0.82%
03/18/2019,167.0,171.2,166.22,3.27M,1.79%
03/15/2019,166.3,168.64,165.4,3.45M,0.79%
03/14/2019,164.62,167.4,164.62,3.48M,-0.31%
03/13/2019,163.2,167.22,162.3,4.48M,2.19%
03/12/2019,163.96,163.96,162.28,2.07M,-0.07%
03/11/2019,164.24,164.48,162.08,3.87M,-1.24%
03/07/2019,164.5,165.5,163.26,2.62M,0.08%
03/06/2019,165.2,167.5,164.3,3.49M,-0.49%
03/05/2019,161.54,167.2,161.2,7.76M,2.55%
03/04/2019,157.4,163.2,156.08,5.55M,2.73%
03/01/2019,157.92,158.3,156.52,1.90M,-0.44%
02/28/2019,158.24,158.54,157.32,2.13M,-0.11%
02/27/2019,158.78,159.84,156.5,2.35M,-0.15%
02/26/2019,158.52,159.48,157.84,1.88M,-0.36%
02/25/2019,158.5,160.56,158.06,2.67M,0.59%
02/22/2019,155.9,158.5,155.32,2.27M,1.64%
02/21/2019,156.48,156.56,154.54,1.95M,-0.35%
02/20/2019,154.12,156.78,153.96,2.94M,1.66%
02/19/2019,155.0,155.46,152.76,2.42M,-0.61%
02/18/2019,157.24,157.7,154.76,2.06M,-1.51%
02/15/2019,155.12,157.94,155.12,2.62M,1.54%
02/14/2019,153.88,156.26,153.68,3.61M,0.00%
02/13/2019,158.0,158.0,154.86,2.98M,-1.61%
02/12/2019,157.9,159.1,155.6,2.34M,-0.15%
02/11/2019,156.72,158.94,156.72,2.47M,0.19%
02/08/2019,158.08,159.34,156.26,2.67M,-1.04%
02/07/2019,160.14,161.18,157.8,5.05M,-0.89%
02/06/2019,157.62,161.0,157.6,3.13M,1.24%
02/05/2019,158.06,158.98,157.1,2.48M,0.03%
02/04/2019,157.4,158.8,155.68,3.40M,0.78%
02/01/2019,152.9,157.2,152.2,6.05M,3.41%
01/31/2019,153.34,154.26,152.02,5.66M,-0.73%
01/30/2019,150.36,153.66,149.62,4.36M,1.63%
01/29/2019,149.84,150.68,147.5,2.73M,0.60%
01/28/2019,149.02,149.78,148.14,2.20M,0.65%
01/25/2019,146.74,148.82,146.14,2.65M,1.42%
01/24/2019,148.78,148.94,144.74,5.50M,-1.57%
01/23/2019,149.98,150.56,148.22,4.30M,-0.55%
01/22/2019,151.7,151.72,149.06,4.29M,-1.20%
01/21/2019,151.9,152.7,151.3,1.33M,-0.28%
01/18/2019,152.3,152.4,151.2,1.73M,0.42%
01/17/2019,150.88,151.52,149.28,2.51M,0.58%
01/16/2019,150.88,151.44,149.44,3.17M,0.03%
01/15/2019,152.7,153.08,149.84,3.22M,-1.08%
01/14/2019,154.2,154.2,151.6,2.58M,-1.48%
01/11/2019,154.48,155.08,152.9,2.98M,0.25%
01/10/2019,153.52,154.12,152.26,1.96M,0.22%
01/09/2019,150.36,154.46,150.08,4.03M,2.44%
01/08/2019,150.98,151.34,149.64,3.12M,-3.57%
01/04/2019,156.8,157.46,154.8,2.91M,-1.06%
01/03/2019,155.86,157.34,154.8,2.90M,-0.05%
